,yield_category
0,2.0
1,0.0
2,1.0
3,2.0
4,1.0
5,1.0
6,0.0
7,0.0
8,1.0
9,0.0
10,0.0
11,0.0
12,2.0
13,0.0
14,1.0
15,2.0
16,1.0
17,0.0
18,1.0
19,1.0
20,0.0
21,0.0
22,1.0
23,1.0
24,2.0
25,0.0
26,1.0
27,2.0
28,0.0
29,1.0
30,1.0
31,1.0
32,1.0
33,1.0
34,1.0
35,0.0
36,0.0
37,1.0
38,0.0
39,2.0
40,2.0
41,2.0
42,2.0
43,0.0
44,0.0
45,0.0
46,0.0
47,1.0
48,2.0
49,1.0
50,0.0
51,2.0
52,1.0
53,0.0
54,0.0
55,2.0
56,1.0
57,2.0
58,2.0
59,2.0
60,0.0
61,1.0
62,1.0
63,1.0
64,0.0
65,2.0
66,2.0
67,0.0
68,2.0
69,0.0
70,2.0
71,0.0
72,0.0
73,2.0
74,0.0
75,0.0
76,2.0
77,0.0
78,0.0
79,2.0
80,0.0
81,2.0
82,2.0
83,1.0
84,0.0
85,1.0
86,1.0
87,1.0
88,2.0
89,2.0
90,0.0
91,2.0
92,1.0
93,1.0
94,2.0
95,1.0
96,1.0
97,0.0
98,2.0
99,0.0
100,2.0
101,2.0
102,2.0
103,1.0
104,2.0
105,1.0
106,1.0
107,0.0
108,1.0
109,0.0
110,1.0
111,1.0
112,2.0
113,2.0
114,1.0
115,2.0
116,1.0
117,2.0
118,1.0
119,2.0
120,0.0
121,1.0
122,1.0
123,2.0
124,2.0
125,0.0
126,2.0
127,1.0
128,2.0
129,0.0
130,1.0
131,0.0
132,0.0
133,2.0
134,1.0
135,2.0
136,2.0
137,2.0
138,0.0
139,1.0
140,0.0
141,1.0
142,0.0
143,0.0
144,0.0
145,2.0
146,2.0
147,2.0
148,1.0
149,0.0
150,0.0
151,2.0
152,0.0
153,1.0
154,2.0
155,2.0
156,1.0
157,1.0
158,2.0
159,0.0
160,2.0
161,0.0
162,2.0
163,2.0
164,2.0
165,0.0
166,2.0
167,2.0
168,2.0
169,1.0
170,0.0
171,1.0
172,1.0
173,1.0
174,2.0
175,1.0
176,0.0
177,2.0
178,2.0
179,0.0
180,2.0
181,0.0
182,2.0
183,1.0
184,1.0
185,2.0
186,2.0
187,2.0
188,2.0
189,2.0
190,2.0
191,0.0
192,2.0
193,2.0
194,0.0
195,1.0
196,1.0
197,0.0
198,2.0
199,1.0
200,1.0
201,2.0
202,2.0
203,2.0
204,1.0
205,0.0
206,2.0
207,2.0
208,1.0
209,2.0
210,0.0
211,1.0
212,0.0
213,1.0
214,2.0
215,0.0
216,2.0
217,1.0
218,2.0
219,1.0
220,1.0
221,1.0
222,0.0
223,2.0
224,0.0
225,2.0
226,1.0
227,1.0
228,1.0
229,2.0
230,0.0
231,2.0
232,0.0
233,0.0
234,2.0
235,0.0
236,0.0
237,0.0
238,1.0
239,1.0
240,0.0
241,0.0
242,1.0
243,1.0
244,2.0
245,1.0
246,0.0
247,1.0
248,1.0
249,0.0
250,2.0
251,2.0
252,1.0
253,0.0
254,1.0
255,1.0
256,2.0
257,2.0
258,0.0
259,1.0
260,1.0
261,2.0
262,1.0
263,2.0
264,1.0
265,1.0
266,1.0
267,1.0
268,1.0
269,2.0
270,1.0
271,2.0
272,0.0
273,2.0
274,2.0
275,2.0
276,1.0
277,2.0
278,0.0
279,0.0
280,2.0
281,0.0
282,2.0
283,1.0
284,2.0
285,0.0
286,1.0
287,2.0
288,2.0
289,1.0
290,1.0
291,2.0
292,2.0
293,0.0
294,1.0
295,2.0
296,1.0
297,0.0
298,2.0
299,2.0
300,1.0
301,0.0
302,2.0
303,0.0
304,0.0
305,1.0
306,1.0
307,0.0
308,1.0
309,1.0
310,1.0
311,1.0
312,1.0
313,0.0
314,1.0
315,0.0
316,0.0
317,2.0
318,0.0
319,0.0
320,2.0
321,1.0
322,2.0
323,1.0
324,2.0
325,2.0
326,1.0
327,0.0
328,2.0
329,0.0
330,2.0
331,2.0
332,1.0
333,1.0
334,0.0
335,0.0
336,1.0
337,1.0
338,0.0
339,2.0
340,1.0
341,2.0
342,2.0
343,1.0
344,1.0
345,0.0
346,0.0
347,2.0
348,1.0
349,2.0
350,2.0
351,1.0
352,1.0
353,1.0
354,0.0
355,1.0
356,1.0
357,1.0
358,2.0
359,0.0
360,2.0
361,0.0
362,2.0
363,1.0
364,0.0
365,2.0
366,1.0
367,0.0
368,1.0
369,1.0
370,2.0
371,0.0
372,1.0
373,2.0
374,1.0
375,1.0
376,0.0
377,2.0
378,2.0
379,1.0
380,1.0
381,0.0
382,1.0
383,2.0
384,2.0
385,0.0
386,0.0
387,2.0
388,1.0
389,0.0
390,2.0
391,0.0
392,0.0
393,1.0
394,1.0
395,0.0
396,2.0
397,0.0
398,1.0
399,2.0
400,0.0
401,2.0
402,0.0
403,0.0
404,1.0
405,1.0
406,1.0
407,1.0
408,0.0
409,0.0
410,2.0
411,0.0
412,0.0
413,2.0
414,1.0
415,1.0
416,2.0
417,2.0
418,0.0
419,0.0
420,0.0
421,2.0
422,0.0
423,0.0
424,0.0
425,0.0
426,0.0
427,1.0
428,1.0
429,0.0
430,0.0
431,0.0
432,2.0
433,2.0
434,2.0
435,0.0
436,0.0
437,2.0
438,2.0
439,0.0
440,2.0
441,0.0
442,0.0
443,1.0
444,1.0
445,1.0
446,0.0
447,2.0
448,1.0
449,0.0
450,0.0
451,2.0
452,1.0
453,0.0
454,1.0
455,0.0
456,2.0
457,1.0
458,0.0
459,2.0
460,1.0
461,0.0
462,0.0
463,1.0
464,1.0
465,1.0
466,2.0
467,0.0
468,2.0
469,1.0
470,1.0
471,2.0
472,0.0
473,0.0
474,0.0
475,1.0
476,2.0
477,0.0
478,0.0
479,1.0
480,0.0
481,2.0
482,0.0
483,2.0
484,2.0
485,0.0
486,0.0
487,2.0
488,1.0
489,1.0
490,2.0
491,1.0
492,1.0
493,2.0
494,0.0
495,1.0
496,0.0
497,2.0
498,2.0
499,1.0
500,1.0
501,1.0
502,1.0
503,0.0
504,2.0
505,1.0
506,0.0
507,0.0
508,2.0
509,1.0
510,0.0
511,1.0
512,1.0
513,0.0
514,1.0
515,2.0
516,1.0
517,1.0
518,1.0
519,2.0
520,0.0
521,1.0
522,1.0
523,2.0
524,1.0
525,0.0
526,0.0
527,1.0
528,1.0
529,2.0
530,0.0
531,0.0
532,2.0
533,2.0
534,2.0
535,0.0
536,1.0
537,2.0
538,0.0
539,0.0
540,0.0
541,2.0
542,0.0
543,2.0
544,0.0
545,2.0
546,1.0
547,2.0
548,1.0
549,0.0
550,2.0
551,2.0
552,2.0
553,2.0
554,0.0
555,1.0
556,0.0
557,1.0
558,0.0
559,1.0
560,0.0
561,2.0
562,2.0
563,2.0
564,1.0
565,1.0
566,2.0
567,0.0
568,2.0
569,2.0
570,2.0
571,0.0
572,1.0
573,1.0
574,0.0
575,2.0
576,1.0
577,1.0
578,1.0
579,0.0
580,1.0
581,2.0
582,2.0
583,1.0
584,2.0
585,1.0
586,0.0
587,1.0
588,1.0
589,0.0
590,2.0
591,0.0
592,0.0
593,2.0
594,2.0
595,0.0
596,1.0
597,2.0
598,1.0
599,0.0
600,1.0
601,2.0
602,0.0
603,2.0
604,0.0
605,1.0
606,2.0
607,0.0
608,1.0
609,2.0
610,1.0
611,1.0
612,1.0
613,0.0
614,2.0
615,0.0
616,0.0
617,1.0
618,2.0
619,2.0
620,0.0
621,0.0
622,2.0
623,1.0
624,0.0
625,2.0
626,2.0
627,0.0
628,2.0
629,2.0
630,0.0
631,0.0
632,2.0
633,0.0
634,2.0
635,0.0
636,0.0
637,1.0
638,1.0
639,1.0
640,2.0
641,1.0
642,2.0
643,2.0
644,0.0
645,0.0
646,0.0
647,0.0
648,0.0
649,2.0
650,2.0
651,2.0
652,0.0
653,0.0
654,1.0
655,2.0
656,1.0
657,0.0
658,2.0
659,0.0
660,2.0
661,0.0
662,0.0
663,0.0
664,1.0
665,1.0
666,2.0
667,0.0
668,1.0
669,0.0
670,1.0
671,1.0
672,2.0
673,1.0
674,1.0
675,1.0
676,2.0
677,2.0
678,2.0
679,2.0
680,2.0
681,0.0
682,0.0
683,2.0
684,1.0
685,1.0
686,1.0
687,0.0
688,1.0
689,1.0
690,1.0
691,2.0
692,2.0
693,1.0
694,1.0
695,0.0
696,0.0
697,2.0
698,0.0
699,0.0
700,2.0
701,2.0
702,0.0
703,1.0
704,2.0
705,2.0
706,0.0
707,1.0
708,1.0
709,2.0
710,0.0
711,0.0
712,2.0
713,2.0
714,0.0
715,1.0
716,0.0
717,1.0
718,1.0
719,2.0
720,0.0
721,0.0
722,2.0
723,1.0
724,0.0
725,0.0
726,0.0
727,2.0
728,2.0
729,0.0
730,1.0
731,2.0
732,1.0
733,2.0
734,0.0
735,1.0
736,2.0
737,2.0
738,0.0
739,1.0
740,2.0
741,0.0
742,1.0
743,2.0
744,1.0
745,1.0
746,0.0
747,1.0
748,2.0
749,1.0
750,2.0
751,1.0
752,1.0
753,2.0
754,1.0
755,1.0
756,0.0
757,1.0
758,0.0
759,2.0
760,0.0
761,0.0
762,0.0
763,1.0
764,1.0
765,2.0
766,2.0
767,2.0
768,2.0
769,1.0
770,1.0
771,1.0
772,1.0
773,0.0
774,0.0
775,2.0
776,2.0
777,0.0
778,0.0
779,2.0
780,2.0
781,0.0
782,0.0
783,2.0
784,2.0
785,0.0
786,0.0
787,0.0
788,1.0
789,1.0
790,0.0
791,2.0
792,0.0
793,1.0
794,2.0
795,0.0
796,1.0
797,0.0
798,0.0
799,2.0
800,1.0
801,0.0
802,1.0
803,2.0
804,2.0
805,1.0
806,2.0
807,1.0
808,0.0
809,2.0
810,1.0
811,0.0
812,2.0
813,2.0
814,1.0
815,1.0
816,2.0
817,2.0
818,1.0
819,0.0
820,2.0
821,1.0
822,1.0
823,2.0
824,1.0
825,1.0
826,0.0
827,1.0
828,2.0
829,1.0
830,1.0
831,2.0
832,0.0
833,2.0
834,0.0
835,2.0
836,2.0
837,0.0
838,2.0
839,1.0
840,1.0
841,0.0
842,1.0
843,1.0
844,1.0
845,2.0
846,1.0
847,2.0
848,2.0
849,2.0
850,2.0
851,1.0
852,0.0
853,0.0
854,1.0
855,2.0
856,1.0
857,1.0
858,0.0
859,2.0
860,1.0
861,2.0
862,1.0
863,2.0
864,0.0
865,2.0
866,2.0
867,2.0
868,0.0
869,0.0
870,0.0
871,0.0
872,2.0
873,0.0
874,0.0
875,1.0
876,0.0
877,0.0
878,1.0
879,2.0
880,0.0
881,2.0
882,1.0
883,0.0
884,2.0
885,2.0
886,0.0
887,2.0
888,1.0
889,2.0
890,0.0
891,1.0
892,2.0
893,1.0
894,1.0
895,2.0
896,0.0
897,2.0
898,0.0
899,1.0
900,0.0
901,0.0
902,2.0
903,2.0
904,1.0
905,1.0
906,0.0
907,1.0
908,0.0
909,0.0
910,1.0
911,1.0
912,0.0
913,2.0
914,2.0
915,1.0
916,0.0
917,2.0
918,0.0
919,1.0
920,1.0
921,1.0
922,0.0
923,2.0
924,2.0
925,1.0
926,2.0
927,2.0
928,0.0
929,0.0
930,2.0
931,2.0
932,2.0
933,0.0
934,2.0
935,1.0
936,2.0
937,2.0
938,2.0
939,1.0
940,1.0
941,2.0
942,2.0
943,2.0
944,1.0
945,0.0
946,1.0
947,2.0
948,1.0
949,0.0
950,0.0
951,0.0
952,2.0
953,2.0
954,1.0
955,0.0
956,0.0
957,2.0
958,0.0
959,2.0
960,2.0
961,0.0
962,2.0
963,0.0
964,2.0
965,2.0
966,1.0
967,0.0
968,1.0
969,2.0
970,1.0
971,1.0
972,0.0
973,1.0
974,2.0
975,0.0
976,1.0
977,1.0
978,2.0
979,2.0
980,0.0
981,0.0
982,1.0
983,0.0
984,1.0
985,2.0
986,1.0
987,0.0
988,0.0
989,2.0
990,2.0
991,2.0
992,2.0
993,1.0
994,0.0
995,1.0
996,1.0
997,1.0
998,0.0
999,2.0
1000,0.0
1001,2.0
1002,1.0
1003,2.0
1004,0.0
1005,0.0
1006,0.0
1007,1.0
1008,0.0
1009,0.0
1010,0.0
1011,0.0
1012,0.0
1013,0.0
1014,1.0
1015,2.0
1016,0.0
1017,1.0
1018,2.0
1019,1.0
1020,2.0
1021,2.0
1022,2.0
1023,2.0
1024,1.0
1025,0.0
1026,0.0
1027,0.0
1028,0.0
1029,0.0
1030,2.0
1031,1.0
1032,0.0
1033,1.0
1034,1.0
1035,2.0
1036,2.0
1037,1.0
1038,2.0
1039,2.0
1040,1.0
1041,0.0
1042,0.0
1043,0.0
1044,2.0
1045,0.0
1046,2.0
1047,1.0
1048,0.0
1049,1.0
1050,2.0
1051,2.0
1052,0.0
1053,0.0
1054,2.0
1055,1.0
1056,1.0
1057,1.0
1058,2.0
1059,0.0
1060,0.0
1061,1.0
1062,1.0
1063,2.0
1064,1.0
1065,1.0
1066,2.0
1067,2.0
1068,2.0
1069,1.0
1070,2.0
1071,2.0
1072,1.0
1073,2.0
1074,0.0
1075,2.0
1076,1.0
1077,0.0
1078,0.0
1079,2.0
1080,1.0
1081,2.0
1082,1.0
1083,1.0
1084,2.0
1085,1.0
1086,0.0
1087,2.0
1088,0.0
1089,2.0
1090,1.0
1091,1.0
1092,2.0
1093,2.0
1094,1.0
1095,1.0
1096,1.0
1097,1.0
1098,2.0
1099,2.0
1100,0.0
1101,0.0
1102,2.0
1103,2.0
1104,1.0
1105,0.0
1106,0.0
1107,0.0
1108,1.0
1109,1.0
1110,1.0
1111,0.0
1112,1.0
1113,0.0
1114,1.0
1115,0.0
1116,0.0
1117,1.0
1118,0.0
1119,2.0
1120,1.0
1121,1.0
1122,0.0
1123,2.0
1124,1.0
1125,1.0
1126,0.0
1127,1.0
1128,2.0
1129,2.0
1130,1.0
1131,0.0
1132,2.0
1133,0.0
1134,1.0
1135,1.0
1136,2.0
1137,1.0
1138,1.0
1139,2.0
1140,1.0
1141,1.0
1142,2.0
1143,0.0
1144,1.0
1145,0.0
1146,2.0
1147,2.0
1148,1.0
1149,1.0
1150,2.0
1151,1.0
1152,1.0
1153,1.0
1154,0.0
1155,0.0
1156,0.0
1157,2.0
1158,1.0
1159,2.0
1160,0.0
1161,1.0
1162,0.0
1163,1.0
1164,2.0
1165,1.0
1166,1.0
1167,0.0
1168,2.0
1169,1.0
1170,2.0
1171,0.0
1172,0.0
1173,2.0
1174,0.0
1175,2.0
1176,1.0
1177,0.0
1178,1.0
1179,1.0
1180,2.0
1181,1.0
1182,1.0
1183,2.0
1184,1.0
1185,0.0
1186,1.0
1187,2.0
1188,2.0
1189,0.0
1190,0.0
1191,1.0
1192,2.0
1193,2.0
1194,0.0
1195,0.0
1196,1.0
1197,1.0
1198,1.0
1199,0.0
1200,0.0
1201,1.0
1202,0.0
1203,0.0
1204,0.0
1205,2.0
1206,0.0
1207,2.0
1208,1.0
1209,2.0
1210,2.0
1211,0.0
1212,2.0
1213,2.0
1214,2.0
1215,0.0
1216,1.0
1217,2.0
1218,0.0
1219,2.0
1220,0.0
1221,2.0
1222,2.0
1223,1.0
1224,2.0
1225,2.0
1226,2.0
1227,1.0
1228,2.0
1229,2.0
1230,0.0
1231,1.0
1232,2.0
1233,2.0
1234,0.0
1235,2.0
1236,0.0
1237,2.0
1238,0.0
1239,2.0
1240,2.0
1241,1.0
1242,0.0
1243,1.0
1244,2.0
1245,0.0
1246,1.0
1247,1.0
1248,0.0
1249,1.0
1250,1.0
1251,0.0
1252,0.0
1253,1.0
1254,0.0
1255,0.0
1256,1.0
1257,0.0
1258,1.0
1259,1.0
1260,2.0
1261,1.0
1262,2.0
1263,0.0
1264,1.0
1265,0.0
1266,1.0
1267,2.0
1268,0.0
1269,0.0
1270,0.0
1271,0.0
1272,0.0
1273,1.0
1274,0.0
1275,2.0
1276,2.0
1277,0.0
1278,0.0
1279,0.0
1280,1.0
1281,1.0
1282,2.0
1283,2.0
1284,0.0
1285,2.0
1286,0.0
1287,1.0
1288,2.0
1289,1.0
1290,2.0
1291,0.0
1292,0.0
1293,1.0
1294,0.0
1295,2.0
1296,1.0
1297,0.0
1298,2.0
1299,0.0
1300,1.0
1301,1.0
1302,2.0
1303,2.0
1304,2.0
1305,2.0
1306,2.0
1307,1.0
1308,2.0
1309,2.0
1310,2.0
1311,0.0
1312,0.0
1313,1.0
1314,2.0
1315,2.0
1316,2.0
1317,1.0
1318,2.0
1319,1.0
1320,2.0
1321,0.0
1322,1.0
1323,0.0
1324,2.0
1325,2.0
1326,2.0
1327,0.0
1328,2.0
1329,1.0
1330,0.0
1331,2.0
1332,0.0
1333,0.0
1334,0.0
1335,2.0
1336,2.0
1337,2.0
1338,0.0
1339,0.0
1340,1.0
1341,2.0
1342,1.0
1343,0.0
1344,1.0
1345,2.0
1346,1.0
1347,0.0
1348,2.0
1349,0.0
1350,2.0
1351,2.0
1352,1.0
1353,1.0
1354,0.0
1355,1.0
1356,2.0
1357,2.0
1358,0.0
1359,0.0
1360,0.0
1361,2.0
1362,0.0
1363,2.0
1364,0.0
1365,1.0
1366,0.0
1367,2.0
1368,0.0
1369,0.0
1370,1.0
1371,1.0
1372,1.0
1373,1.0
1374,0.0
1375,2.0
1376,0.0
1377,2.0
1378,2.0
1379,0.0
1380,0.0
1381,1.0
1382,0.0
1383,2.0
1384,2.0
1385,1.0
1386,0.0
1387,2.0
1388,0.0
1389,1.0
1390,2.0
1391,2.0
1392,0.0
1393,1.0
1394,2.0
1395,2.0
1396,2.0
1397,2.0
1398,0.0
1399,2.0
1400,2.0
1401,0.0
1402,0.0
1403,1.0
1404,1.0
1405,2.0
1406,0.0
1407,0.0
1408,0.0
1409,0.0
1410,2.0
1411,2.0
1412,1.0
1413,0.0
1414,2.0
1415,2.0
1416,1.0
1417,1.0
1418,0.0
1419,1.0
1420,2.0
1421,2.0
1422,1.0
1423,2.0
1424,2.0
1425,0.0
1426,1.0
1427,2.0
1428,1.0
1429,0.0
1430,2.0
1431,2.0
1432,0.0
1433,2.0
1434,2.0
1435,2.0
1436,0.0
1437,0.0
1438,1.0
1439,0.0
1440,1.0
1441,0.0
1442,1.0
1443,2.0
1444,0.0
1445,0.0
1446,1.0
1447,0.0
1448,0.0
1449,2.0
1450,1.0
1451,2.0
1452,0.0
1453,2.0
1454,0.0
1455,1.0
1456,2.0
1457,1.0
1458,1.0
1459,0.0
1460,0.0
1461,0.0
1462,1.0
1463,1.0
1464,2.0
1465,2.0
1466,1.0
1467,1.0
1468,1.0
1469,2.0
1470,1.0
1471,2.0
1472,1.0
1473,2.0
1474,0.0
1475,0.0
1476,0.0
1477,1.0
1478,2.0
1479,1.0
1480,1.0
1481,2.0
1482,0.0
1483,2.0
1484,0.0
1485,2.0
1486,2.0
1487,2.0
1488,2.0
1489,2.0
1490,2.0
1491,1.0
1492,0.0
1493,0.0
1494,2.0
1495,1.0
1496,1.0
1497,1.0
1498,1.0
1499,1.0
1500,1.0
1501,1.0
1502,1.0
1503,0.0
1504,0.0
1505,2.0
1506,0.0
1507,2.0
1508,1.0
1509,0.0
1510,1.0
1511,1.0
1512,2.0
1513,2.0
1514,0.0
1515,0.0
1516,0.0
1517,0.0
1518,1.0
1519,2.0
1520,2.0
1521,2.0
1522,2.0
1523,0.0
1524,1.0
1525,2.0
1526,1.0
1527,2.0
1528,1.0
1529,2.0
1530,2.0
1531,1.0
1532,1.0
1533,2.0
1534,1.0
1535,1.0
1536,0.0
1537,0.0
1538,1.0
1539,2.0
1540,1.0
1541,0.0
1542,1.0
1543,0.0
1544,1.0
1545,1.0
1546,0.0
1547,2.0
1548,1.0
1549,2.0
1550,0.0
1551,2.0
1552,0.0
1553,0.0
1554,2.0
1555,1.0
1556,2.0
1557,2.0
1558,2.0
1559,2.0
1560,1.0
1561,1.0
1562,0.0
1563,2.0
1564,1.0
1565,0.0
1566,2.0
1567,1.0
1568,2.0
1569,2.0
1570,0.0
1571,2.0
1572,2.0
1573,0.0
1574,2.0
1575,0.0
1576,0.0
1577,1.0
1578,2.0
1579,1.0
1580,0.0
1581,0.0
1582,0.0
1583,0.0
1584,1.0
1585,2.0
1586,1.0
1587,0.0
1588,0.0
1589,2.0
1590,2.0
1591,0.0
1592,0.0
1593,2.0
1594,2.0
1595,2.0
1596,2.0
1597,0.0
1598,2.0
1599,2.0
1600,2.0
1601,1.0
1602,1.0
1603,0.0
1604,1.0
1605,2.0
1606,1.0
1607,0.0
1608,1.0
1609,0.0
1610,2.0
1611,1.0
1612,1.0
1613,0.0
1614,1.0
1615,0.0
1616,1.0
1617,1.0
1618,2.0
1619,1.0
1620,2.0
1621,1.0
1622,2.0
1623,0.0
1624,0.0
1625,2.0
1626,1.0
1627,1.0
1628,0.0
1629,2.0
1630,1.0
1631,2.0
1632,1.0
1633,0.0
1634,1.0
1635,2.0
1636,0.0
1637,2.0
1638,2.0
1639,0.0
1640,2.0
1641,0.0
1642,0.0
1643,0.0
1644,2.0
1645,1.0
1646,0.0
1647,0.0
1648,1.0
1649,1.0
1650,2.0
1651,0.0
1652,0.0
1653,2.0
1654,2.0
1655,2.0
1656,1.0
1657,2.0
1658,1.0
1659,2.0
1660,1.0
1661,1.0
1662,2.0
1663,2.0
1664,0.0
1665,0.0
1666,0.0
1667,1.0
1668,2.0
1669,2.0
1670,0.0
1671,1.0
1672,0.0
1673,0.0
1674,0.0
1675,1.0
1676,0.0
1677,1.0
1678,2.0
1679,2.0
1680,2.0
1681,1.0
1682,0.0
1683,1.0
1684,1.0
1685,1.0
1686,2.0
1687,0.0
1688,1.0
1689,1.0
1690,0.0
1691,2.0
1692,0.0
1693,2.0
1694,1.0
1695,2.0
1696,2.0
1697,2.0
1698,1.0
1699,2.0
1700,0.0
1701,1.0
1702,2.0
1703,1.0
1704,2.0
1705,1.0
1706,1.0
1707,0.0
1708,1.0
1709,2.0
1710,1.0
1711,1.0
1712,0.0
1713,1.0
1714,0.0
1715,0.0
1716,2.0
1717,2.0
1718,2.0
1719,1.0
1720,1.0
1721,2.0
1722,1.0
1723,1.0
1724,2.0
1725,1.0
1726,2.0
1727,0.0
1728,1.0
1729,2.0
1730,2.0
1731,1.0
1732,0.0
1733,2.0
1734,2.0
1735,1.0
1736,1.0
1737,1.0
1738,1.0
1739,2.0
1740,1.0
1741,0.0
1742,0.0
1743,2.0
1744,2.0
1745,0.0
1746,2.0
1747,1.0
1748,1.0
1749,0.0
1750,2.0
1751,1.0
1752,2.0
1753,0.0
1754,0.0
1755,2.0
1756,1.0
1757,1.0
1758,1.0
1759,0.0
1760,2.0
1761,1.0
1762,0.0
1763,0.0
1764,1.0
1765,2.0
1766,2.0
1767,2.0
1768,2.0
1769,1.0
1770,2.0
1771,0.0
1772,2.0
1773,2.0
1774,1.0
1775,1.0
1776,0.0
1777,1.0
1778,1.0
1779,1.0
1780,2.0
1781,2.0
1782,2.0
1783,0.0
1784,2.0
1785,2.0
1786,2.0
1787,0.0
1788,2.0
1789,0.0
1790,1.0
1791,2.0
1792,1.0
1793,0.0
1794,2.0
1795,2.0
1796,1.0
1797,0.0
1798,1.0
1799,0.0
1800,0.0
1801,1.0
1802,2.0
1803,1.0
1804,2.0
1805,0.0
1806,2.0
1807,1.0
1808,2.0
1809,1.0
1810,1.0
1811,2.0
1812,0.0
1813,1.0
1814,1.0
1815,0.0
1816,2.0
1817,2.0
1818,0.0
1819,1.0
1820,1.0
1821,0.0
1822,1.0
1823,2.0
1824,1.0
1825,2.0
1826,2.0
1827,2.0
1828,2.0
1829,0.0
1830,1.0
1831,0.0
1832,2.0
1833,1.0
1834,0.0
1835,1.0
1836,2.0
1837,0.0
1838,2.0
1839,2.0
1840,2.0
1841,2.0
1842,2.0
1843,0.0
1844,1.0
1845,0.0
1846,0.0
1847,1.0
1848,0.0
1849,2.0
1850,2.0
1851,1.0
1852,0.0
1853,1.0
1854,2.0
1855,1.0
1856,0.0
1857,1.0
1858,0.0
1859,1.0
1860,0.0
1861,1.0
1862,0.0
1863,0.0
1864,1.0
1865,1.0
1866,2.0
1867,0.0
1868,0.0
1869,2.0
1870,0.0
1871,2.0
1872,1.0
1873,1.0
1874,1.0
1875,1.0
1876,2.0
1877,2.0
1878,1.0
1879,0.0
1880,2.0
1881,1.0
1882,2.0
1883,0.0
1884,2.0
1885,1.0
1886,1.0
1887,1.0
1888,1.0
1889,2.0
1890,2.0
1891,2.0
1892,1.0
1893,2.0
1894,2.0
1895,1.0
1896,2.0
1897,2.0
1898,2.0
1899,2.0
1900,0.0
1901,0.0
1902,0.0
1903,0.0
1904,2.0
1905,0.0
1906,0.0
1907,2.0
1908,2.0
1909,0.0
1910,0.0
1911,0.0
1912,1.0
1913,2.0
1914,0.0
1915,0.0
1916,0.0
1917,2.0
1918,2.0
1919,0.0
1920,2.0
1921,0.0
1922,1.0
1923,2.0
1924,0.0
1925,1.0
1926,1.0
1927,2.0
1928,2.0
1929,1.0
1930,1.0
1931,1.0
1932,2.0
1933,1.0
1934,0.0
1935,0.0
1936,0.0
1937,0.0
1938,1.0
1939,0.0
1940,0.0
1941,1.0
1942,2.0
1943,1.0
1944,0.0
1945,1.0
1946,2.0
1947,0.0
1948,2.0
1949,1.0
1950,2.0
1951,1.0
1952,1.0
1953,2.0
1954,2.0
1955,0.0
1956,2.0
1957,0.0
1958,1.0
1959,0.0
1960,0.0
1961,1.0
1962,2.0
1963,1.0
1964,1.0
1965,2.0
1966,1.0
1967,1.0
1968,1.0
1969,2.0
1970,2.0
1971,1.0
1972,2.0
1973,1.0
1974,2.0
1975,1.0
1976,1.0
1977,0.0
1978,2.0
1979,0.0
1980,2.0
1981,2.0
1982,1.0
1983,2.0
1984,0.0
1985,0.0
1986,2.0
1987,2.0
1988,2.0
1989,2.0
1990,0.0
1991,1.0
1992,1.0
1993,1.0
1994,1.0
1995,1.0
1996,0.0
1997,2.0
1998,0.0
1999,2.0
2000,0.0
2001,1.0
2002,0.0
2003,0.0
2004,0.0
2005,2.0
2006,2.0
2007,0.0
2008,1.0
2009,1.0
2010,2.0
2011,2.0
2012,2.0
2013,2.0
2014,1.0
2015,1.0
2016,0.0
2017,1.0
2018,1.0
2019,0.0
2020,0.0
2021,0.0
2022,0.0
2023,1.0
2024,2.0
2025,0.0
2026,0.0
2027,2.0
2028,1.0
2029,2.0
2030,0.0
2031,0.0
2032,0.0
2033,1.0
2034,2.0
2035,2.0
2036,1.0
2037,2.0
2038,1.0
2039,2.0
2040,0.0
2041,1.0
2042,1.0
2043,1.0
2044,0.0
2045,0.0
2046,1.0
2047,0.0
2048,2.0
2049,0.0
2050,0.0
2051,0.0
2052,2.0
2053,0.0
2054,0.0
2055,0.0
2056,1.0
2057,2.0
2058,1.0
2059,0.0
2060,0.0
2061,2.0
2062,2.0
2063,0.0
2064,2.0
2065,2.0
2066,1.0
2067,1.0
2068,0.0
2069,1.0
2070,0.0
2071,0.0
2072,0.0
2073,2.0
2074,0.0
2075,2.0
2076,1.0
2077,2.0
2078,0.0
2079,2.0
2080,1.0
2081,0.0
2082,2.0
2083,2.0
2084,2.0
2085,1.0
2086,0.0
2087,1.0
2088,0.0
2089,2.0
2090,0.0
2091,2.0
2092,1.0
2093,0.0
2094,1.0
2095,0.0
2096,1.0
2097,1.0
2098,2.0
2099,0.0
2100,0.0
2101,0.0
2102,0.0
2103,0.0
2104,1.0
2105,0.0
2106,0.0
2107,1.0
2108,1.0
2109,1.0
2110,2.0
2111,2.0
2112,0.0
2113,1.0
2114,2.0
2115,2.0
2116,1.0
2117,1.0
2118,1.0
2119,2.0
2120,2.0
2121,1.0
2122,1.0
2123,0.0
2124,1.0
2125,1.0
2126,1.0
2127,0.0
2128,2.0
2129,0.0
2130,2.0
2131,1.0
2132,2.0
2133,2.0
2134,1.0
2135,0.0
2136,1.0
2137,1.0
2138,2.0
2139,0.0
2140,1.0
2141,2.0
2142,0.0
2143,0.0
2144,0.0
2145,1.0
2146,2.0
2147,1.0
2148,2.0
2149,1.0
2150,2.0
2151,0.0
2152,1.0
2153,2.0
2154,2.0
2155,1.0
2156,1.0
2157,0.0
2158,2.0
2159,2.0
2160,1.0
2161,1.0
2162,0.0
2163,0.0
2164,2.0
2165,0.0
2166,0.0
2167,0.0
2168,2.0
2169,0.0
2170,1.0
2171,2.0
2172,1.0
2173,2.0
2174,2.0
2175,0.0
2176,1.0
2177,0.0
2178,0.0
2179,0.0
2180,2.0
2181,0.0
2182,2.0
2183,2.0
2184,2.0
2185,1.0
2186,2.0
2187,0.0
2188,1.0
2189,2.0
2190,1.0
2191,0.0
2192,1.0
2193,1.0
2194,2.0
2195,2.0
2196,2.0
2197,2.0
2198,0.0
2199,2.0
2200,2.0
2201,0.0
2202,2.0
2203,2.0
2204,1.0
2205,2.0
2206,0.0
2207,1.0
2208,2.0
2209,2.0
2210,0.0
2211,1.0
2212,0.0
2213,1.0
2214,0.0
2215,0.0
2216,1.0
2217,2.0
2218,1.0
2219,2.0
2220,2.0
2221,1.0
2222,0.0
2223,2.0
2224,0.0
2225,2.0
2226,1.0
2227,0.0
2228,2.0
2229,2.0
2230,1.0
2231,0.0
2232,0.0
2233,2.0
2234,2.0
2235,0.0
2236,0.0
2237,0.0
2238,2.0
2239,1.0
2240,2.0
2241,0.0
2242,1.0
2243,2.0
2244,1.0
2245,1.0
2246,1.0
2247,2.0
2248,0.0
2249,1.0
2250,2.0
2251,1.0
2252,1.0
2253,2.0
2254,1.0
2255,2.0
2256,0.0
2257,0.0
2258,0.0
2259,1.0
2260,1.0
2261,1.0
2262,1.0
2263,0.0
2264,1.0
2265,2.0
2266,0.0
2267,0.0
2268,0.0
2269,0.0
2270,1.0
2271,2.0
2272,2.0
2273,2.0
2274,1.0
2275,2.0
2276,0.0
2277,1.0
2278,1.0
2279,1.0
2280,2.0
2281,2.0
2282,0.0
2283,0.0
2284,2.0
2285,0.0
2286,1.0
2287,2.0
2288,0.0
2289,0.0
2290,0.0
2291,2.0
2292,2.0
2293,1.0
2294,0.0
2295,2.0
2296,1.0
2297,1.0
2298,2.0
2299,1.0
2300,1.0
2301,0.0
2302,0.0
2303,0.0
2304,1.0
2305,0.0
2306,0.0
2307,0.0
2308,2.0
2309,1.0
2310,0.0
2311,1.0
2312,0.0
2313,1.0
2314,0.0
2315,2.0
2316,1.0
2317,0.0
2318,1.0
2319,0.0
2320,0.0
2321,1.0
2322,1.0
2323,2.0
2324,2.0
2325,0.0
2326,0.0
2327,2.0
2328,2.0
2329,1.0
2330,0.0
2331,0.0
2332,1.0
2333,2.0
2334,1.0
2335,1.0
2336,2.0
2337,2.0
2338,1.0
2339,2.0
2340,2.0
2341,2.0
2342,2.0
2343,1.0
2344,2.0
2345,2.0
2346,2.0
2347,2.0
2348,2.0
2349,2.0
2350,1.0
2351,0.0
2352,1.0
2353,1.0
2354,0.0
2355,0.0
2356,0.0
2357,0.0
2358,2.0
2359,2.0
2360,0.0
2361,1.0
2362,0.0
2363,0.0
2364,1.0
2365,0.0
2366,2.0
2367,1.0
2368,2.0
2369,2.0
2370,0.0
2371,0.0
2372,0.0
2373,1.0
2374,2.0
2375,1.0
2376,2.0
2377,1.0
2378,0.0
