,Account length,Area code,International plan,Voice mail plan,Number vmail messages,Total day minutes,Total day calls,Total eve minutes,Total eve calls,Total night minutes,Total night calls,Total intl minutes,Total intl calls,Customer service calls,Churn
0,117,408,No,No,0,184.5,97,351.6,80,215.8,90,8.7,4,1,False
1,65,415,No,No,0,129.1,137,228.5,83,208.8,111,12.7,6,4,True
2,161,415,No,No,0,332.9,67,317.8,97,160.6,128,5.4,9,4,True
3,111,415,No,No,0,110.4,103,137.3,102,189.6,105,7.7,6,2,False
4,49,510,No,No,0,119.3,117,215.1,109,178.7,90,11.1,1,1,False
5,36,408,No,Yes,30,146.3,128,162.5,80,129.3,109,14.5,6,0,False
6,65,415,No,No,0,211.3,120,162.6,122,134.7,118,13.2,5,3,False
7,119,415,No,No,0,159.1,114,231.3,117,143.2,91,8.8,3,5,True
8,10,408,No,No,0,186.1,112,190.2,66,282.8,57,11.4,6,2,False
9,68,415,No,No,0,148.8,70,246.5,164,129.8,103,12.1,3,3,False
10,74,510,No,Yes,33,193.7,91,246.1,96,138.0,92,14.6,3,2,False
11,85,415,No,No,0,235.8,109,157.2,94,188.2,99,12.0,3,0,False
12,46,415,No,No,0,214.1,72,164.4,104,177.5,113,8.2,3,2,False
13,128,510,No,Yes,29,179.3,104,225.9,86,323.0,78,8.6,7,0,False
14,155,415,No,No,0,203.4,100,190.9,104,196.0,119,8.9,4,0,True
15,73,415,No,No,0,160.1,110,213.3,72,174.1,72,13.0,4,0,False
16,77,415,No,No,0,251.8,72,205.7,126,275.2,109,9.8,7,2,True
17,108,415,No,No,0,178.3,137,189.0,76,129.1,102,14.6,5,0,False
18,95,408,No,No,0,135.0,99,183.6,106,245.3,102,12.5,9,1,False
19,36,510,No,Yes,29,281.4,102,202.2,76,187.2,113,9.0,6,2,False
20,141,415,No,Yes,32,148.6,91,131.1,97,219.4,142,10.1,1,1,False
21,63,415,No,No,0,58.9,125,169.6,59,211.4,88,9.4,3,1,False
22,97,408,No,No,0,239.8,125,214.8,111,143.3,81,8.7,5,2,False
23,75,408,No,No,0,166.3,125,158.2,86,256.7,80,6.1,5,1,False
24,127,408,No,No,0,146.7,91,203.5,78,203.4,110,13.7,3,1,False
25,121,408,No,No,0,181.5,121,218.4,98,161.6,103,8.5,5,1,False
26,117,415,No,No,0,102.8,119,206.7,91,299.0,105,10.1,7,1,False
27,65,408,No,No,0,187.9,116,157.6,117,227.3,86,7.5,6,1,False
28,6,510,No,No,0,183.6,117,256.7,72,178.6,79,10.2,2,1,False
29,32,510,No,No,0,230.9,87,187.4,90,154.0,53,6.3,2,0,False
30,64,408,No,Yes,27,182.1,91,169.7,98,164.7,86,10.6,5,2,False
31,25,415,No,No,0,119.3,87,211.5,101,268.9,86,10.5,4,3,False
32,65,415,No,No,0,116.8,87,178.9,93,182.4,150,14.1,2,1,False
33,127,415,No,No,0,202.1,103,229.4,86,195.2,113,11.5,3,2,False
34,93,415,No,No,0,271.6,71,229.4,108,77.3,121,10.9,3,2,False
35,208,510,No,No,0,326.5,67,176.3,113,181.7,102,10.7,6,2,True
36,122,415,No,No,0,243.8,98,83.9,72,179.8,84,13.7,8,2,False
37,99,415,No,No,0,241.1,72,155.6,98,188.2,109,11.6,10,1,False
38,65,415,No,No,0,136.1,112,272.9,96,220.2,104,4.4,2,1,False
39,65,415,No,No,0,213.4,111,234.5,94,250.1,123,2.7,4,1,False
40,45,415,No,Yes,22,196.6,84,313.2,92,163.3,108,11.9,3,0,False
41,139,510,No,No,0,134.4,106,211.3,98,193.6,125,10.2,2,5,True
42,215,510,No,No,0,83.6,148,120.9,91,226.6,110,10.7,9,0,False
43,94,408,No,No,0,181.8,85,202.4,98,245.9,97,9.2,2,4,False
44,119,510,No,Yes,23,154.0,114,278.0,137,228.4,112,11.8,4,2,False
45,86,510,No,Yes,41,119.0,101,230.0,134,236.9,58,9.5,3,0,False
46,106,408,No,Yes,32,165.9,126,216.5,93,173.1,86,14.1,8,4,False
47,92,408,Yes,No,0,62.6,111,180.6,126,221.7,80,10.4,2,1,True
48,78,510,No,No,0,168.3,110,221.2,73,241.0,136,12.5,1,1,False
49,155,408,No,No,0,262.4,55,194.6,113,146.5,85,8.3,6,2,False
50,64,510,No,Yes,48,94.4,104,136.2,101,147.4,89,4.5,4,0,False
51,83,415,No,No,0,221.4,103,231.8,103,122.5,100,9.8,5,3,False
52,144,408,No,Yes,48,189.8,96,123.4,67,214.2,106,6.5,2,2,True
53,143,415,No,No,0,172.3,97,174.0,108,188.2,119,13.0,4,2,False
54,81,415,No,No,0,198.4,93,210.9,108,193.3,71,10.4,6,2,False
55,145,408,No,Yes,24,147.5,90,175.7,108,252.1,102,15.6,3,2,False
56,89,510,No,No,0,303.9,95,260.9,114,312.1,89,5.3,3,1,True
57,199,415,No,Yes,34,230.6,121,219.4,99,299.3,94,8.0,2,0,False
58,96,415,No,Yes,37,172.7,93,120.1,116,216.1,86,10.3,5,5,True
59,94,415,No,No,0,181.5,98,199.9,88,287.7,114,6.6,5,1,False
60,127,415,No,No,0,266.6,106,264.8,168,207.2,119,5.9,2,1,True
61,121,408,No,No,0,170.4,108,350.5,68,297.0,87,11.2,3,0,True
62,122,408,No,No,0,296.4,99,214.8,89,133.9,107,11.4,3,4,True
63,121,408,No,Yes,35,68.7,95,209.2,69,197.4,42,11.4,4,1,False
64,77,510,No,No,0,233.8,104,266.5,94,212.7,104,7.6,3,2,False
65,64,408,Yes,No,0,236.2,77,218.6,85,194.1,97,13.2,2,2,True
66,124,408,Yes,No,0,244.6,89,188.8,80,206.0,114,11.3,4,1,False
67,148,415,No,No,0,124.4,83,179.7,81,253.0,99,11.3,6,0,False
68,77,408,No,No,0,230.0,87,103.2,138,309.6,136,11.3,3,2,False
69,135,415,No,No,0,201.8,81,225.0,114,204.4,82,10.3,6,1,False
70,87,415,No,Yes,21,214.0,113,180.0,114,134.5,82,10.6,5,0,False
71,54,510,No,No,0,210.5,102,204.5,83,127.8,53,8.5,5,1,False
72,35,415,No,No,0,105.6,129,258.2,129,213.1,77,8.7,3,0,False
73,84,408,No,No,0,138.6,102,199.0,93,204.1,137,7.8,4,0,False
74,94,415,No,No,0,234.4,103,279.3,109,234.2,121,2.0,2,1,True
75,96,408,No,Yes,26,145.8,108,192.2,89,165.1,96,9.9,2,1,False
76,64,415,No,No,0,97.2,80,186.2,90,189.0,92,10.4,6,2,False
77,85,415,No,No,0,259.8,85,242.3,117,168.8,72,5.4,1,0,False
78,117,408,No,No,0,239.9,84,174.8,106,209.5,93,9.8,2,0,False
79,112,415,No,Yes,16,221.6,110,130.2,123,200.0,108,11.3,3,1,False
80,129,510,Yes,No,0,192.9,131,185.5,101,205.2,130,10.9,4,1,False
81,140,408,No,No,0,173.2,91,196.8,106,209.3,128,11.2,5,3,False
82,81,415,No,No,0,153.5,99,197.6,102,198.5,86,6.3,2,2,False
83,70,510,No,No,0,59.5,103,257.2,106,208.3,86,11.1,6,0,False
84,79,510,No,Yes,21,264.3,79,202.8,118,173.4,92,6.3,3,4,False
85,85,408,No,No,0,127.9,107,271.2,124,202.2,76,12.5,5,0,False
86,91,510,No,No,0,149.0,115,245.3,105,260.0,94,8.3,3,0,False
87,149,415,No,Yes,20,198.9,77,274.0,88,190.7,76,14.3,9,1,False
88,60,415,No,No,0,98.2,88,180.5,69,223.6,69,9.3,2,2,False
89,115,408,No,No,0,147.9,109,228.4,117,299.7,90,9.6,9,3,False
90,144,415,No,Yes,18,106.4,109,108.1,113,208.4,111,10.1,5,1,False
91,86,415,No,Yes,32,70.9,163,166.7,121,244.9,105,11.1,5,3,False
92,139,415,No,Yes,20,214.6,101,235.1,132,162.8,132,14.8,12,0,False
93,124,408,No,No,0,151.1,123,187.4,104,255.4,93,5.3,3,1,False
94,102,510,Yes,No,0,233.8,103,221.6,131,146.9,106,12.8,3,0,False
95,78,415,No,No,0,208.9,119,252.4,132,280.2,120,12.8,7,0,False
96,55,415,Yes,No,0,191.9,91,256.1,110,203.7,101,14.3,6,1,True
97,129,415,No,Yes,33,119.6,104,278.7,88,263.4,175,5.9,2,2,False
98,75,408,Yes,No,0,211.3,61,105.6,119,175.9,63,9.7,4,4,True
99,126,415,No,Yes,23,114.3,102,190.3,103,240.4,111,12.6,7,3,False
100,92,415,No,No,0,154.0,122,329.8,88,288.0,117,5.6,2,3,True
101,52,408,No,No,0,214.7,68,158.6,138,123.4,114,9.4,4,2,False
102,87,510,No,No,0,231.3,105,171.7,108,67.7,136,13.0,6,1,False
103,95,415,No,Yes,22,40.9,126,133.4,90,264.2,91,11.9,7,0,False
104,67,510,No,No,0,310.4,97,66.5,123,246.5,99,9.2,10,4,False
105,165,415,No,No,0,216.6,126,190.8,104,224.7,123,12.4,8,0,False
106,150,415,No,Yes,29,209.9,77,158.0,52,141.9,113,6.6,1,0,False
107,26,415,No,No,0,234.5,109,216.5,129,191.6,94,3.5,6,3,False
108,79,510,No,Yes,31,103.1,90,243.0,135,76.4,92,12.2,8,3,False
109,69,510,Yes,No,0,279.8,90,248.7,91,171.0,118,8.4,10,2,True
110,95,510,Yes,Yes,41,136.8,91,200.8,61,133.7,67,10.3,9,5,True
111,157,415,No,No,0,224.5,111,200.7,99,116.6,118,11.5,2,2,False
112,80,415,No,No,0,160.6,103,237.0,109,245.1,88,10.7,1,1,False
113,75,510,No,Yes,37,121.5,97,271.4,110,248.7,97,11.3,5,2,False
114,44,510,No,No,0,228.1,121,276.5,79,279.8,77,9.9,5,2,True
115,101,408,No,No,0,89.7,118,260.1,79,170.1,93,13.5,11,5,True
116,117,408,No,Yes,14,80.2,81,219.0,103,122.6,102,8.6,2,1,False
117,82,408,No,No,0,125.7,96,207.6,137,183.1,103,12.9,2,1,False
118,39,408,No,No,0,160.4,68,102.6,103,235.3,106,9.1,5,2,False
119,30,415,No,No,0,169.9,144,225.2,118,169.7,93,11.4,7,1,False
120,63,415,No,Yes,29,142.3,107,118.7,56,240.1,91,6.6,8,1,False
121,111,415,No,No,0,146.2,55,261.5,83,163.2,116,8.7,3,3,False
122,91,510,No,No,0,231.8,120,150.6,106,269.2,129,11.6,7,3,False
123,105,415,Yes,Yes,29,220.7,82,217.7,110,190.5,100,13.2,6,1,True
124,166,408,Yes,Yes,35,128.2,138,274.5,113,298.9,130,8.8,7,2,False
125,79,510,No,No,0,130.2,119,290.9,121,194.8,140,14.0,6,3,False
126,105,408,No,Yes,33,209.6,68,146.9,140,121.0,131,10.6,3,2,False
127,172,415,No,No,0,215.7,140,146.3,84,264.6,83,7.1,1,3,False
128,121,408,No,No,0,150.7,105,197.3,133,169.0,116,9.2,15,1,False
129,88,415,No,No,0,161.5,92,173.5,108,206.2,95,7.9,4,2,False
130,153,408,No,Yes,28,235.6,74,227.9,37,170.3,103,15.4,9,0,False
131,54,415,No,Yes,39,206.9,143,127.8,72,199.2,120,9.2,1,3,False
132,79,510,No,No,0,157.6,85,194.1,92,231.5,86,9.4,10,5,True
133,55,415,No,No,0,175.6,147,161.8,118,289.5,55,9.3,4,0,False
134,109,408,No,No,0,264.7,69,305.0,120,197.4,86,9.5,9,1,True
135,65,408,No,Yes,31,282.3,70,152.0,89,225.5,93,12.0,4,1,False
136,27,510,No,No,0,193.8,102,118.9,104,135.9,124,9.2,3,0,False
137,32,408,No,Yes,26,266.7,109,232.3,107,212.8,98,16.3,4,1,False
138,3,415,No,Yes,36,118.1,117,221.5,125,103.9,89,11.9,6,2,False
139,119,415,No,No,0,176.8,90,224.7,81,204.6,77,7.5,15,1,False
140,43,415,No,No,0,241.9,101,129.4,121,264.8,104,5.9,3,1,False
141,116,510,No,No,0,189.5,90,189.8,118,205.8,83,13.1,2,1,False
142,107,415,No,No,0,123.1,100,158.4,82,256.1,82,9.3,5,0,False
143,123,408,No,No,0,159.1,94,241.6,119,202.4,120,6.5,1,1,False
144,110,408,No,No,0,100.1,90,233.3,93,204.4,57,11.1,8,3,False
145,176,415,No,No,0,223.2,76,214.4,131,154.4,80,10.1,2,3,False
146,13,510,No,Yes,21,315.6,105,208.9,71,260.1,123,12.1,3,3,False
147,88,415,No,No,0,189.8,111,197.3,101,234.5,111,14.9,3,2,False
148,92,510,No,Yes,29,155.4,110,188.5,104,254.9,118,8.0,4,3,False
149,165,510,No,No,0,154.2,91,268.6,108,188.8,99,10.9,4,6,False
150,156,415,No,No,0,178.8,94,178.4,97,169.2,77,7.5,3,1,False
151,63,408,No,No,0,149.3,104,273.6,75,206.6,72,9.1,4,0,False
152,83,415,Yes,Yes,32,94.7,111,154.4,98,200.4,109,10.6,6,2,False
153,158,415,No,No,0,222.8,101,203.0,128,210.6,106,6.9,2,2,False
154,115,510,Yes,No,0,249.9,95,242.5,104,151.7,121,15.3,6,1,True
155,103,510,No,Yes,36,87.2,92,169.3,110,166.7,80,10.9,5,6,True
156,64,415,No,No,0,224.8,111,190.0,101,221.4,110,9.2,2,1,False
157,86,510,No,Yes,39,261.2,122,214.2,101,154.9,101,12.7,5,2,False
158,151,415,No,Yes,26,196.5,98,175.8,111,221.8,124,13.4,5,0,False
159,87,510,Yes,No,0,167.3,119,198.5,119,133.1,88,11.0,6,1,False
160,90,415,No,No,0,109.6,88,137.6,108,159.7,121,11.0,5,2,False
161,108,510,No,Yes,30,276.6,99,220.1,113,177.9,95,9.8,6,2,False
162,33,415,No,Yes,35,186.8,124,261.0,69,317.8,103,15.0,5,0,False
163,149,415,Yes,Yes,28,126.9,97,166.9,102,145.2,77,8.8,3,5,True
164,106,510,No,No,0,169.4,107,197.2,71,202.2,79,10.7,4,1,False
165,167,408,Yes,No,0,219.1,100,242.9,90,168.9,101,10.1,4,2,False
166,35,510,No,Yes,27,241.7,87,142.0,101,288.9,68,9.4,4,1,False
167,107,415,No,Yes,22,281.1,83,143.7,130,239.4,128,11.2,9,1,False
168,92,415,Yes,Yes,45,281.1,88,198.0,103,94.3,76,7.5,3,0,False
169,38,415,No,No,0,137.8,86,286.3,76,167.0,77,14.1,3,2,False
170,68,408,Yes,No,0,148.5,126,219.4,125,198.5,121,14.5,7,1,True
171,123,510,No,No,0,194.0,118,242.0,114,146.3,108,12.1,4,1,False
172,75,510,No,Yes,41,130.9,115,203.4,110,171.7,68,12.4,4,1,False
173,153,408,No,No,0,185.3,127,208.0,73,206.1,124,15.1,3,1,False
174,143,415,No,No,0,119.1,117,287.7,136,223.0,100,12.2,4,0,False
175,87,408,No,No,0,322.5,106,204.6,93,186.2,128,9.4,4,2,True
176,100,510,No,No,0,216.2,107,215.6,84,138.4,127,10.2,3,0,False
177,144,415,No,Yes,51,283.9,98,192.0,109,196.3,85,10.0,4,1,False
178,70,415,No,Yes,31,125.9,101,196.4,102,252.7,75,10.3,4,1,False
179,136,408,Yes,No,0,199.6,89,211.4,96,72.4,84,11.0,4,3,True
180,120,415,No,Yes,24,212.7,73,257.5,103,227.8,119,9.7,13,2,False
181,104,408,No,No,0,183.6,133,120.7,98,215.1,112,12.7,2,1,False
182,75,510,No,Yes,38,163.6,132,146.7,113,345.8,115,13.1,3,3,False
183,127,510,Yes,No,0,180.9,114,209.5,118,249.9,105,7.4,4,2,False
184,122,510,No,Yes,33,270.8,96,220.4,110,169.9,104,11.8,8,4,False
185,124,415,No,No,0,178.4,72,233.6,134,179.4,91,12.0,2,0,False
186,167,415,Yes,No,0,244.8,91,60.8,105,176.7,110,10.7,3,2,False
187,89,415,No,Yes,32,209.9,113,249.8,104,224.2,92,8.7,7,1,False
188,73,408,No,No,0,213.0,95,188.8,104,136.2,89,13.5,3,0,False
189,1,415,No,No,0,144.8,107,112.5,66,218.7,79,13.8,3,1,False
190,60,408,No,No,0,135.4,134,205.9,85,204.0,103,7.9,4,1,False
191,77,510,No,No,0,67.7,68,195.7,86,236.5,137,12.0,2,1,False
192,76,415,No,No,0,224.4,121,147.9,97,183.8,74,6.7,2,2,False
193,63,510,No,No,0,153.5,81,287.3,115,230.2,85,6.5,5,2,False
194,150,415,No,Yes,28,174.4,75,169.9,80,201.6,130,11.0,4,1,False
195,101,415,No,No,0,153.8,89,234.0,89,196.3,77,11.6,2,4,False
196,132,415,No,Yes,39,175.7,93,187.2,94,225.5,118,8.6,3,2,False
197,158,510,No,No,0,155.9,123,224.2,112,221.0,116,8.6,8,2,False
198,114,415,No,Yes,34,154.4,109,221.4,142,208.5,103,10.3,5,0,False
199,77,415,No,Yes,23,209.7,73,183.6,63,205.5,111,7.1,3,2,False
200,107,415,No,No,0,212.1,95,150.1,88,219.8,111,7.7,2,3,False
201,48,510,No,Yes,22,152.0,63,258.8,131,263.2,109,15.7,5,2,True
202,59,415,No,No,0,160.9,95,251.2,65,273.4,97,5.0,5,3,False
203,129,510,No,No,0,334.3,118,192.1,104,191.0,83,10.4,6,0,True
204,50,510,No,No,0,188.9,94,203.9,104,151.8,124,11.6,8,3,False
205,50,415,No,Yes,35,192.6,97,135.2,101,216.2,101,7.9,2,2,False
206,116,415,No,No,0,217.3,91,216.1,95,148.1,76,11.3,3,2,False
207,52,510,No,Yes,38,169.3,88,225.9,97,172.0,86,8.2,3,0,False
208,12,510,Yes,No,0,216.7,117,116.5,126,220.0,110,9.8,4,2,False
209,105,510,No,No,0,246.4,83,256.2,101,169.0,151,3.8,4,0,False
210,104,415,No,No,0,156.2,93,193.0,54,222.7,94,13.1,5,1,False
211,13,415,No,No,0,146.4,74,148.5,92,216.7,96,11.3,3,1,False
212,67,408,No,No,0,167.8,91,167.7,69,110.3,71,8.4,12,1,False
213,148,415,No,Yes,11,252.9,129,284.3,88,262.8,99,12.3,1,1,False
214,116,510,No,No,0,201.8,82,231.5,95,226.1,130,16.5,5,0,False
215,131,408,No,No,0,94.4,80,215.1,101,179.7,108,13.1,9,2,False
216,119,510,No,No,0,190.4,74,215.6,113,161.2,111,10.0,1,2,False
217,94,510,Yes,No,0,243.2,109,147.0,88,94.9,99,7.2,4,4,False
218,217,408,No,No,0,176.4,115,158.8,128,306.6,107,9.3,3,4,False
219,161,415,No,No,0,178.1,109,146.5,86,137.6,78,8.5,2,1,False
220,67,408,No,No,0,201.4,101,97.6,122,202.5,119,7.0,3,0,False
221,132,415,No,Yes,31,174.5,101,245.6,105,172.8,76,10.3,9,1,False
222,134,408,No,No,0,205.3,122,240.5,155,179.1,107,5.0,9,1,False
223,44,510,No,No,0,143.2,77,169.8,114,215.8,77,7.6,4,1,False
224,53,415,No,Yes,27,25.9,119,206.5,96,228.1,64,6.5,7,1,False
225,108,415,No,No,0,154.2,123,112.3,86,246.4,75,15.4,4,4,True
226,80,408,No,No,0,322.3,113,222.0,95,162.8,123,6.7,8,0,True
227,88,415,No,No,0,215.6,115,216.2,85,171.3,65,11.8,1,3,False
228,82,510,Yes,No,0,208.8,101,213.7,87,175.1,86,12.4,6,3,False
229,115,415,No,No,0,245.2,105,159.0,109,229.9,74,7.2,8,0,False
230,93,415,No,No,0,98.4,78,249.6,129,248.2,114,14.2,4,1,False
231,72,415,No,No,0,217.8,93,189.7,113,182.6,91,10.4,5,4,False
232,98,415,No,Yes,29,179.9,97,189.2,89,164.3,76,12.8,7,3,False
233,118,415,No,No,0,140.4,112,187.1,60,207.9,155,7.9,1,0,False
234,55,510,No,No,0,189.0,100,118.5,99,248.1,87,17.1,6,0,False
235,130,415,No,No,0,155.9,95,256.1,97,262.9,103,11.7,3,3,False
236,136,408,Yes,No,0,199.2,122,214.7,114,150.9,105,11.8,7,1,False
237,107,415,No,No,0,157.1,79,162.6,124,150.0,138,12.1,6,1,False
238,91,415,No,No,0,154.4,165,168.3,121,239.9,81,11.7,4,5,True
239,167,415,No,No,0,166.4,85,243.2,135,229.2,95,9.9,5,1,False
240,159,415,No,Yes,19,184.1,78,194.5,71,225.6,101,16.9,3,0,False
241,122,415,No,No,0,35.1,62,180.8,89,251.6,58,12.7,2,1,False
242,105,415,No,Yes,29,179.4,113,275.4,100,246.1,105,10.0,5,0,False
243,155,408,No,No,0,216.7,30,144.3,125,135.3,106,10.8,1,2,False
244,161,415,No,No,0,151.6,117,219.4,87,224.7,68,4.0,5,1,False
245,122,415,No,No,0,173.6,110,91.7,84,211.7,103,9.7,7,3,False
246,37,415,Yes,No,0,106.6,76,147.4,89,235.8,113,9.6,8,2,False
247,128,415,No,No,0,103.3,122,245.9,123,161.1,95,6.4,7,0,False
248,89,510,Yes,No,0,125.6,108,213.0,90,181.7,108,5.4,5,1,False
249,108,415,No,No,0,199.3,104,224.2,92,140.1,57,15.2,2,0,False
250,109,408,No,No,0,222.2,113,218.5,122,266.0,88,10.9,5,1,False
251,29,415,No,No,0,157.4,122,145.0,75,281.8,92,9.3,2,1,False
252,119,415,Yes,Yes,15,160.0,95,209.5,110,82.3,107,8.7,5,5,True
253,86,415,No,No,0,83.5,96,221.1,63,349.7,75,12.6,3,0,False
254,92,510,No,Yes,25,134.0,112,206.0,111,180.6,118,9.7,4,0,False
255,13,510,No,Yes,25,176.6,65,172.7,96,104.5,128,11.3,5,2,False
256,144,510,Yes,Yes,35,174.8,127,219.6,93,255.8,90,12.8,3,0,False
257,139,510,No,No,0,221.3,140,157.8,89,192.5,89,11.3,6,1,False
258,95,415,No,No,0,141.1,84,211.4,108,103.7,127,5.9,6,3,False
259,80,408,No,Yes,31,166.4,92,238.3,74,150.7,84,10.7,4,4,False
260,113,415,No,No,0,215.9,93,240.1,85,156.7,123,4.9,5,3,False
261,88,415,No,Yes,31,181.6,91,213.2,120,207.8,104,11.4,4,1,False
262,74,415,No,No,0,106.4,84,140.2,104,90.9,81,11.4,3,1,False
263,48,510,No,No,0,128.2,71,48.1,78,116.3,80,8.9,3,0,False
264,163,510,No,No,0,178.7,56,215.7,79,152.7,84,10.6,2,4,False
265,56,510,No,No,0,150.9,79,161.8,87,167.7,115,11.7,5,3,False
266,64,415,No,No,0,168.0,116,192.4,94,166.5,98,10.1,3,2,False
267,116,415,No,Yes,35,182.8,122,212.7,119,193.8,103,11.0,2,1,False
268,101,415,Yes,No,0,193.7,108,186.6,98,223.0,100,11.6,8,0,False
269,85,415,Yes,No,0,197.2,97,211.7,115,210.1,133,8.3,4,4,False
270,90,415,No,No,0,76.1,121,290.3,73,236.9,89,10.8,3,0,False
271,73,415,No,No,0,182.3,115,199.2,97,120.2,113,18.0,5,1,False
272,55,408,No,Yes,20,189.3,95,118.6,113,250.2,102,12.5,4,2,False
273,76,415,No,Yes,22,160.1,107,168.7,136,23.2,102,9.5,4,3,False
274,157,415,No,No,0,220.7,105,119.3,127,165.1,113,11.5,7,4,False
275,131,415,No,No,0,211.8,115,260.5,102,144.2,96,10.8,7,0,False
276,51,415,No,No,0,229.7,129,336.0,104,192.8,128,9.6,1,1,True
277,166,415,No,No,0,220.7,106,177.8,118,206.1,102,12.4,9,1,False
278,66,408,No,No,0,87.6,76,262.0,111,184.6,125,9.2,5,1,False
279,49,415,No,No,0,266.3,90,207.8,117,205.0,98,14.0,2,2,True
280,89,415,No,No,0,141.1,92,249.1,126,136.0,73,10.8,2,2,False
281,90,415,No,No,0,200.9,92,164.3,91,249.0,98,8.9,7,1,False
282,193,415,No,No,0,96.8,92,142.6,103,210.1,115,10.9,5,2,True
283,114,510,No,No,0,172.0,145,276.4,101,193.7,100,10.1,9,1,False
284,7,408,No,Yes,30,221.4,114,165.8,116,247.0,105,10.8,12,1,False
285,71,415,No,No,0,243.7,124,60.0,90,189.0,129,11.3,2,0,False
286,31,415,No,Yes,28,210.5,101,250.5,86,241.6,125,11.5,2,1,False
287,111,415,No,No,0,284.4,89,157.0,113,242.8,91,8.4,8,0,True
288,97,408,No,No,0,169.7,84,165.9,86,191.9,83,12.8,6,3,False
289,51,510,No,No,0,227.2,89,194.4,106,243.4,126,14.9,2,0,False
290,86,415,No,No,0,223.9,75,155.7,109,150.2,143,7.3,9,1,False
291,190,415,No,No,0,169.4,102,253.5,113,197.1,93,8.9,5,1,False
292,80,408,No,No,0,118.1,90,144.3,77,225.1,86,8.2,6,1,False
293,36,415,No,No,0,202.4,115,230.7,115,202.0,127,10.2,2,3,False
294,45,510,No,No,0,155.7,110,260.3,103,192.2,98,11.0,1,1,False
295,170,415,No,No,0,246.4,107,228.1,124,166.4,95,9.1,8,0,False
296,103,415,No,No,0,189.8,110,115.5,83,191.3,103,12.2,4,0,False
297,112,408,No,No,0,167.8,88,247.9,81,155.1,108,11.9,4,0,False
298,125,510,No,No,0,143.2,80,88.1,94,233.2,135,8.8,7,4,True
299,73,415,No,Yes,31,82.3,105,256.1,91,229.6,98,11.8,2,6,True
300,232,408,No,No,0,165.6,104,195.9,115,118.3,77,11.8,3,1,False
301,95,408,No,Yes,20,165.7,78,215.6,94,243.3,91,9.8,6,0,False
302,182,415,No,No,0,176.1,90,174.9,106,234.7,134,9.7,4,1,False
303,55,510,No,No,0,119.7,148,231.8,96,222.3,113,4.6,2,2,False
304,86,415,No,Yes,30,99.9,84,263.5,125,254.7,90,9.8,7,2,False
305,127,510,No,No,0,239.8,107,128.9,121,249.9,110,11.3,5,1,False
306,63,415,No,No,0,164.5,75,147.9,118,252.7,97,11.2,2,0,False
307,79,510,No,No,0,220.9,107,192.2,97,161.0,74,12.2,2,1,False
308,111,415,No,Yes,28,128.8,104,157.3,52,147.4,76,10.3,2,2,False
309,121,510,No,Yes,35,193.8,62,197.6,97,218.8,95,5.9,4,0,False
310,112,415,No,No,0,168.6,102,298.0,117,194.7,110,9.8,5,1,False
311,81,415,No,Yes,36,115.9,120,236.6,95,255.0,90,11.7,6,3,False
312,72,510,No,No,0,272.4,88,107.9,125,185.5,81,12.7,2,0,False
313,64,510,No,Yes,40,210.0,116,232.7,89,168.8,94,5.9,4,8,False
314,163,408,No,No,0,223.0,120,227.0,98,188.3,125,8.8,5,1,False
315,104,415,No,No,0,139.7,78,202.6,119,203.6,102,11.3,5,2,False
316,93,510,No,Yes,19,136.8,113,179.5,105,71.1,95,12.5,3,2,False
317,197,510,No,No,0,154.8,111,171.5,102,227.3,86,10.6,2,3,False
318,57,510,No,No,0,192.8,68,158.0,86,235.5,105,12.7,6,1,False
319,107,408,No,No,0,103.4,94,189.3,125,227.2,125,14.4,3,1,False
320,75,408,No,No,0,147.5,110,191.7,97,135.0,68,16.4,3,2,False
321,106,408,No,No,0,178.4,143,247.0,123,259.9,105,9.6,2,0,False
322,70,408,No,No,0,148.4,110,267.1,90,151.5,101,8.9,4,0,False
323,80,408,No,No,0,148.6,106,210.8,65,203.7,86,10.0,2,2,False
324,137,510,No,No,0,97.5,95,195.8,82,288.8,78,0.0,0,1,False
325,90,415,No,Yes,29,185.6,106,219.7,113,152.1,120,11.1,5,2,False
326,30,408,No,No,0,137.6,108,162.0,80,187.7,126,5.8,10,3,False
327,105,415,Yes,No,0,273.9,119,278.6,103,255.3,90,10.9,7,1,True
328,102,415,No,Yes,31,125.3,92,141.2,108,168.2,68,6.3,2,3,False
329,83,415,No,No,0,178.8,102,167.9,84,178.9,65,8.6,4,3,False
330,63,510,No,Yes,49,214.9,86,198.2,89,170.8,139,8.2,5,0,False
331,155,408,No,No,0,163.0,93,203.9,102,159.0,109,15.1,4,2,False
332,105,408,No,No,0,115.5,73,267.3,83,114.2,90,13.3,5,3,False
333,73,415,No,No,0,137.1,102,210.8,114,191.4,120,11.1,4,1,False
334,21,415,No,Yes,19,132.7,94,204.6,101,154.7,78,12.9,7,3,False
335,71,415,No,Yes,39,183.2,103,209.4,111,172.4,109,11.9,6,1,False
336,112,415,No,No,0,170.5,113,193.2,129,188.0,91,11.2,6,0,False
337,66,510,No,No,0,154.0,133,198.9,121,151.9,100,9.5,3,4,True
338,99,408,No,No,0,54.8,92,173.0,103,195.1,125,7.5,3,1,False
339,124,510,No,No,0,184.8,74,175.1,84,158.2,95,10.5,6,1,False
340,95,415,No,Yes,36,283.1,112,286.2,86,261.7,129,11.3,3,3,False
341,130,408,No,No,0,68.4,86,193.3,110,171.5,139,10.4,4,0,False
342,93,510,Yes,No,0,131.4,78,219.7,106,155.7,103,11.1,2,1,True
343,191,408,No,No,0,162.0,104,241.2,120,210.4,83,10.9,7,1,False
344,88,415,No,No,0,148.2,82,308.7,67,235.4,79,6.4,4,2,False
345,16,415,No,No,0,174.7,83,280.8,122,171.7,80,10.5,8,5,False
346,107,510,No,No,0,194.5,97,186.3,131,178.3,106,12.7,1,2,False
347,96,408,No,Yes,29,150.0,91,159.4,75,228.1,55,8.5,3,1,False
348,163,408,No,Yes,40,231.9,56,211.8,91,268.5,74,12.3,3,2,False
349,95,415,No,No,0,269.0,120,233.7,120,179.3,61,7.3,4,2,True
350,123,415,No,Yes,27,198.7,127,249.0,105,173.2,124,12.5,5,1,False
351,34,415,No,No,0,293.7,89,272.5,71,178.2,76,11.0,10,2,True
352,96,415,No,Yes,26,175.8,96,206.6,84,178.0,105,11.1,2,2,False
353,146,415,No,No,0,169.5,93,230.9,71,269.8,115,9.0,7,2,False
354,138,415,Yes,Yes,17,225.2,116,173.4,88,145.8,99,11.7,4,0,False
355,76,510,No,No,0,129.7,84,177.5,80,228.9,87,7.5,3,5,True
356,83,510,No,Yes,36,95.9,87,261.6,105,228.6,109,13.3,4,0,False
357,104,408,No,No,0,170.6,97,162.1,111,210.7,131,6.1,1,1,False
358,106,415,No,No,0,191.4,124,200.7,116,230.1,76,8.2,3,1,False
359,84,510,No,No,0,75.3,96,179.9,113,193.8,134,12.3,1,1,False
360,99,408,No,No,0,128.8,86,203.9,105,282.6,131,14.1,4,2,False
361,134,415,No,No,0,141.7,95,205.6,101,218.5,60,8.8,6,0,False
362,80,415,No,No,0,268.7,120,301.0,147,167.0,140,5.8,1,2,True
363,85,415,No,No,0,255.3,114,194.6,83,276.6,78,3.7,5,3,False
364,120,408,No,Yes,26,239.4,94,259.4,88,238.0,132,7.7,3,0,False
365,120,510,No,No,0,158.0,110,197.0,103,154.9,132,10.0,5,1,False
366,125,415,No,No,0,182.3,64,139.8,121,171.6,96,11.6,7,2,False
367,118,415,No,Yes,39,91.5,125,219.9,113,229.0,99,12.7,8,2,False
368,62,415,No,No,0,172.4,132,230.5,100,228.2,109,11.0,5,0,False
369,112,510,No,No,0,174.5,127,259.3,71,170.5,120,11.3,7,1,False
370,68,510,No,No,0,157.3,83,220.9,85,218.9,129,12.0,7,1,False
371,201,415,No,Yes,21,192.0,97,239.1,81,116.1,125,15.1,3,1,False
372,116,510,No,No,0,160.7,69,146.8,106,287.8,144,8.2,5,0,False
373,133,510,No,No,0,227.4,90,73.2,135,114.3,99,4.7,7,0,False
374,125,408,No,No,0,191.6,115,205.6,108,210.2,123,9.2,3,2,False
375,21,510,No,No,0,225.0,110,244.2,111,221.2,93,10.7,4,0,False
376,110,408,No,No,0,196.1,103,199.7,123,135.9,71,12.9,1,3,False
377,83,415,No,No,0,231.3,100,210.4,84,217.4,106,12.4,2,3,False
378,101,415,No,Yes,42,209.2,82,159.7,74,181.6,100,9.5,3,0,False
379,117,415,No,Yes,17,221.3,82,167.6,100,262.7,87,4.4,4,0,False
380,127,408,No,No,0,139.6,94,240.9,112,127.1,88,8.8,4,2,False
381,138,510,No,Yes,26,183.9,83,240.7,93,185.7,125,15.0,3,1,False
382,120,415,No,No,0,203.3,108,259.9,66,115.9,103,7.8,2,3,False
383,141,415,No,Yes,37,185.4,87,178.5,128,218.3,107,8.0,3,4,False
384,87,510,No,Yes,22,240.8,102,75.9,106,224.6,115,7.1,3,2,False
385,97,408,No,No,0,276.1,82,201.1,106,231.3,73,8.9,4,0,True
386,162,408,No,Yes,26,179.7,144,218.1,129,212.3,105,9.3,8,1,True
387,119,510,No,No,0,81.9,75,253.8,114,213.1,125,8.9,1,2,True
388,107,510,No,Yes,25,248.6,91,119.3,115,194.3,83,12.0,1,1,False
389,140,510,No,Yes,28,157.1,77,172.4,97,184.5,94,11.1,9,1,False
390,91,415,No,No,0,153.0,123,141.1,127,171.5,76,10.3,15,1,True
391,135,415,No,No,0,218.8,123,242.8,64,85.8,80,10.3,3,4,False
392,86,408,No,Yes,21,197.9,99,165.6,100,208.0,120,10.1,9,0,False
393,131,415,No,No,0,166.5,129,210.2,107,257.2,93,9.9,5,1,False
394,86,415,No,Yes,29,225.4,79,187.1,112,281.1,112,12.9,3,1,False
395,85,415,No,No,0,210.3,66,195.8,76,221.6,82,11.2,7,1,False
396,195,415,No,Yes,36,231.7,110,225.1,88,201.7,89,12.1,2,0,False
397,177,408,No,No,0,189.5,99,176.3,117,225.9,112,14.2,2,1,False
398,100,408,No,No,0,70.8,94,215.6,102,230.8,125,9.5,1,6,True
399,124,415,No,No,0,131.8,82,284.3,119,305.5,101,11.3,2,1,False
400,81,510,Yes,No,0,250.6,85,187.9,50,120.3,131,7.8,5,1,False
401,105,415,No,No,0,281.3,124,301.5,96,202.8,109,8.7,3,0,True
402,126,415,Yes,Yes,26,129.3,123,176.5,114,154.5,102,9.6,7,1,False
403,71,510,No,No,0,238.0,82,278.5,94,193.1,134,11.8,10,0,True
404,139,415,No,No,0,211.1,103,206.9,108,193.9,70,5.6,4,0,False
405,77,415,No,No,0,169.4,102,184.9,144,234.3,89,2.0,7,1,False
406,72,408,No,No,0,177.1,97,184.7,105,174.1,94,8.0,6,1,False
407,74,415,No,Yes,32,174.6,107,310.6,115,234.7,92,9.0,4,1,False
408,124,415,No,No,0,150.3,101,255.9,112,136.7,62,12.5,4,2,False
409,113,408,No,Yes,20,157.8,83,161.5,56,271.5,100,8.7,2,5,True
410,66,510,No,No,0,118.0,133,248.1,99,214.4,122,5.3,5,1,False
411,124,415,No,Yes,30,144.5,35,262.3,101,226.5,82,12.0,7,2,False
412,134,408,No,No,0,183.8,111,123.5,92,160.7,105,6.1,2,1,False
413,41,415,No,Yes,30,191.7,109,193.0,86,149.4,93,11.1,4,1,False
414,159,415,No,Yes,23,153.6,93,216.9,88,161.3,91,12.6,3,2,False
415,87,408,Yes,Yes,36,171.2,138,185.8,102,227.6,97,10.8,3,1,False
416,132,415,No,No,0,240.1,115,180.4,91,133.4,122,8.0,6,3,False
417,86,408,No,No,0,83.8,121,240.2,96,158.6,108,6.7,8,1,False
418,55,415,Yes,No,0,269.6,121,171.7,91,219.0,98,8.2,6,1,False
419,101,415,No,No,0,136.2,92,220.9,110,196.9,116,13.3,7,3,False
420,94,408,No,No,0,269.2,104,193.8,144,257.6,61,8.9,2,3,True
421,68,408,No,No,0,219.6,97,141.1,144,205.7,101,10.8,4,2,False
422,98,408,No,No,0,236.2,122,189.4,110,153.6,104,13.3,4,0,False
423,123,408,No,No,0,260.9,85,168.5,103,178.3,91,13.3,5,3,False
424,111,408,No,No,0,249.8,109,242.4,106,231.8,78,11.6,4,0,True
425,69,510,No,Yes,27,268.8,78,246.6,89,271.9,102,16.4,3,0,False
426,127,415,No,Yes,27,140.1,59,223.4,111,257.9,73,3.8,10,1,False
427,105,415,No,No,0,193.7,108,183.2,124,293.7,72,10.8,5,1,False
428,75,415,No,No,0,224.7,116,192.0,79,212.2,98,11.3,11,3,False
429,126,415,No,No,0,190.9,143,149.7,72,191.4,87,13.0,3,1,False
430,41,415,No,No,0,232.1,74,327.1,88,226.5,119,10.9,2,3,True
431,113,415,No,No,0,90.6,130,170.6,100,137.4,74,5.4,9,1,False
432,78,510,No,No,0,152.9,81,256.6,82,173.6,112,5.3,6,2,False
433,110,415,No,No,0,241.2,105,174.3,85,245.3,59,8.5,4,2,False
434,112,415,Yes,Yes,16,200.3,72,197.8,91,151.1,92,10.4,3,1,False
435,104,510,No,No,0,97.2,88,155.6,85,261.6,105,12.4,5,0,False
436,127,510,No,No,0,224.3,112,185.7,103,159.4,83,10.0,1,2,False
437,61,408,No,No,0,267.1,104,180.4,131,230.6,106,17.3,4,1,True
438,65,415,No,Yes,29,215.5,129,161.9,77,128.3,91,8.8,5,2,False
439,152,408,No,Yes,20,239.1,105,209.1,111,268.2,130,13.3,3,5,False
440,63,415,Yes,No,0,62.9,112,202.9,111,259.0,58,8.9,8,1,False
441,100,408,No,No,0,210.9,85,329.3,69,127.1,78,9.4,5,4,False
442,29,510,No,No,0,313.2,103,216.3,151,218.4,106,12.8,4,2,True
443,175,415,No,No,0,132.0,95,231.2,74,313.4,108,8.7,10,1,False
444,98,415,Yes,Yes,23,245.5,54,292.7,83,184.0,90,10.8,7,1,False
445,121,415,No,No,0,134.1,112,195.1,104,159.6,139,10.5,2,2,False
446,104,415,No,No,0,144.5,107,180.5,85,226.0,94,17.0,6,2,False
447,123,415,No,No,0,150.0,98,89.8,95,326.0,91,11.1,3,3,False
448,61,415,No,Yes,33,270.7,53,200.7,116,201.7,102,10.9,3,3,False
449,160,415,No,No,0,256.0,111,187.4,61,119.1,81,11.5,4,3,False
450,153,408,No,No,0,154.6,56,263.0,84,367.7,89,15.5,2,1,False
451,31,510,No,No,0,165.4,84,203.7,107,201.7,65,8.2,1,1,False
452,122,415,No,No,0,168.3,96,87.6,91,247.2,87,8.4,6,1,False
453,46,415,No,Yes,34,191.4,102,361.8,96,147.5,132,7.2,2,1,False
454,103,415,No,No,0,158.7,90,198.4,117,181.1,76,10.5,4,1,False
455,68,415,Yes,Yes,29,195.5,113,171.6,96,204.0,85,13.5,9,1,True
456,149,415,No,Yes,20,264.4,102,219.6,123,200.4,89,11.3,3,2,False
457,102,408,No,No,0,273.2,85,211.1,82,203.7,129,13.1,7,2,True
458,153,510,No,No,0,159.5,103,275.5,90,176.7,126,10.1,2,1,True
459,122,510,No,No,0,145.6,102,284.7,111,228.2,91,12.2,5,0,False
460,127,510,Yes,No,0,247.5,99,108.5,118,232.0,72,10.6,3,2,False
461,126,415,Yes,No,0,239.7,87,281.7,92,183.5,113,11.4,1,1,True
462,90,408,No,No,0,109.9,102,220.8,114,104.0,133,10.9,6,0,False
463,37,510,No,No,0,239.9,120,261.6,88,207.1,88,8.9,4,2,True
464,132,415,No,No,0,197.8,66,133.9,119,177.3,94,10.9,3,4,True
465,38,408,No,Yes,36,115.4,98,166.2,83,184.7,79,15.2,6,2,False
466,92,415,No,No,0,197.2,113,242.3,116,192.0,76,11.0,5,2,False
467,111,408,No,Yes,13,193.1,104,111.6,98,227.4,94,12.1,4,1,False
468,121,415,No,Yes,31,263.1,70,279.3,118,127.1,143,9.7,4,5,False
469,131,408,No,No,0,197.0,79,201.0,114,151.2,111,11.6,5,1,False
470,19,415,No,No,0,201.5,123,129.2,110,220.6,98,12.9,4,1,False
471,135,415,No,No,0,173.4,107,222.0,84,64.2,94,13.7,6,1,False
472,129,408,No,No,0,101.4,145,249.1,116,157.6,107,7.1,6,1,False
473,142,415,No,No,0,232.5,74,181.8,142,203.1,86,10.4,6,4,False
474,130,415,No,Yes,45,174.5,120,217.5,95,220.3,67,12.2,2,1,False
475,92,415,No,No,0,181.4,98,164.5,98,171.0,110,10.9,4,2,False
476,146,415,No,Yes,11,180.7,82,173.7,90,231.5,89,10.1,4,2,False
477,152,510,Yes,Yes,41,146.8,128,285.6,96,213.6,80,4.3,2,1,True
478,189,415,No,No,0,227.8,124,169.5,112,201.1,91,5.6,4,3,False
479,95,415,No,Yes,23,160.3,87,202.4,101,191.1,122,7.4,3,0,False
480,1,408,No,No,0,175.2,74,151.7,79,230.5,109,5.3,3,1,False
481,141,415,No,Yes,39,116.9,127,276.5,88,289.9,125,12.3,2,0,False
482,111,510,No,No,0,152.2,114,137.2,102,185.9,97,9.8,3,0,False
483,143,408,No,No,0,167.8,72,211.0,99,153.5,109,10.5,6,4,True
484,148,415,No,Yes,21,262.9,135,149.5,96,140.5,109,8.1,4,1,False
485,143,408,No,Yes,22,141.8,116,167.3,99,178.1,130,7.8,3,1,False
486,90,415,No,No,0,167.5,96,139.1,104,138.4,87,13.0,1,1,False
487,169,408,No,No,0,147.2,115,161.9,123,142.1,103,7.2,6,3,False
488,53,415,No,No,0,145.1,116,233.7,82,208.7,95,7.9,5,2,False
489,15,415,No,No,0,135.2,101,152.5,79,224.8,83,8.4,5,2,False
490,123,408,No,Yes,28,124.7,105,250.4,78,216.4,128,7.8,8,1,False
491,95,510,No,No,0,174.0,57,281.1,118,197.2,94,9.7,2,0,False
492,82,510,No,No,0,265.2,122,178.7,102,174.7,90,10.7,9,2,False
493,180,415,No,No,0,143.3,134,180.5,113,184.2,87,10.1,4,1,False
494,125,408,No,No,0,113.0,108,169.2,107,156.6,61,9.2,5,2,True
495,138,415,Yes,Yes,28,211.2,117,312.5,98,178.0,118,10.7,2,3,True
496,90,408,No,No,0,157.9,72,234.0,93,210.0,86,12.2,5,2,False
497,190,408,No,No,0,182.2,101,212.3,95,233.0,123,9.3,4,2,False
498,143,510,No,Yes,33,141.4,130,186.4,114,210.0,111,7.7,6,1,False
499,183,510,No,No,0,108.3,87,183.6,116,176.6,109,13.5,2,0,False
500,58,415,No,No,0,247.2,116,303.7,103,105.4,94,9.3,2,2,True
501,123,415,No,No,0,166.9,98,221.8,77,243.9,114,12.8,4,3,False
502,155,510,No,No,0,71.2,90,304.4,119,183.3,103,8.6,4,0,False
503,53,415,No,No,0,164.1,106,206.0,56,194.7,124,11.4,2,1,False
504,101,415,No,No,0,154.4,130,217.2,101,185.4,52,13.9,4,1,False
505,122,408,No,No,0,231.2,141,267.8,136,240.3,100,8.8,5,1,True
506,163,415,No,No,0,202.9,100,178.6,46,203.8,116,12.8,3,5,False
507,120,415,No,No,0,177.2,88,270.4,99,231.5,90,14.0,2,2,False
508,196,415,No,No,0,133.1,80,206.5,120,221.6,96,10.3,8,1,False
509,147,415,No,Yes,38,243.4,126,273.8,109,282.9,91,14.1,8,2,False
510,81,408,No,Yes,46,168.3,124,270.9,103,222.5,98,6.7,2,4,False
511,165,415,No,Yes,33,111.6,140,213.3,111,267.6,115,16.0,3,0,False
512,115,415,No,No,0,206.2,113,176.4,102,297.1,119,11.0,7,1,False
513,90,408,No,Yes,27,156.7,51,236.5,118,123.2,111,12.6,6,2,False
514,37,415,No,No,0,221.0,126,204.5,110,118.0,98,6.8,3,4,False
515,76,510,No,No,0,165.7,94,257.4,80,170.8,114,10.0,4,1,False
516,109,510,No,No,0,154.8,82,287.7,109,208.4,80,5.9,9,3,False
517,105,510,No,No,0,125.4,116,261.5,95,241.6,104,11.4,9,2,False
518,74,415,No,No,0,124.8,114,133.0,121,160.3,85,10.6,7,3,False
519,76,415,No,No,0,179.2,85,222.9,66,188.2,113,12.4,2,0,False
520,116,415,No,No,0,245.9,73,240.1,87,158.7,89,8.9,5,3,False
521,138,510,No,No,0,205.9,96,257.1,94,209.0,63,12.1,8,0,False
522,102,415,No,No,0,186.8,92,173.7,123,250.9,131,9.7,4,2,False
523,164,510,No,No,0,192.1,95,249.8,94,132.6,100,7.3,3,3,False
524,125,415,No,No,0,240.7,82,269.4,85,187.1,74,10.1,3,0,True
525,209,510,No,No,0,255.1,124,230.6,110,218.0,69,8.5,5,3,True
526,116,408,No,Yes,24,183.6,138,203.8,90,166.9,89,6.0,3,2,False
527,189,415,No,Yes,30,155.2,116,195.5,50,170.1,108,15.4,6,1,False
528,84,510,No,No,0,203.4,125,182.9,88,213.7,121,13.8,2,1,False
529,182,415,No,No,0,279.1,124,180.5,108,217.5,104,9.5,11,2,True
530,171,510,No,No,0,189.8,122,173.7,85,257.1,84,10.3,1,0,False
531,90,415,No,No,0,198.5,124,266.6,100,243.3,80,8.0,7,2,False
532,117,510,No,No,0,158.7,84,181.7,91,177.3,67,7.7,10,2,False
533,186,510,No,No,0,137.8,97,187.7,118,146.4,85,8.7,6,1,False
534,55,408,No,Yes,39,139.3,101,178.3,117,246.5,104,8.1,1,3,False
535,74,408,No,No,0,177.4,136,240.3,104,237.3,133,12.0,3,0,False
536,130,408,No,No,0,115.6,129,167.8,104,141.8,124,12.6,9,1,False
537,80,408,No,No,0,51.5,90,164.0,98,169.4,80,9.5,4,3,False
538,120,415,No,No,0,131.7,99,163.1,109,201.1,116,10.7,3,1,False
539,84,408,No,Yes,30,106.5,65,225.7,108,188.6,61,5.7,3,2,False
540,134,510,No,Yes,34,247.2,105,225.5,133,186.3,76,6.1,5,2,True
541,68,415,No,No,0,158.8,119,211.8,105,198.1,101,10.3,3,1,False
542,119,408,No,No,0,239.1,88,243.5,79,230.9,92,10.9,3,3,True
543,166,415,Yes,Yes,28,175.8,126,253.6,76,128.5,72,11.4,5,1,False
544,90,415,No,Yes,42,193.3,66,263.3,85,214.4,97,11.1,4,0,False
545,82,415,No,Yes,33,137.8,95,235.5,128,268.1,70,11.0,6,2,False
546,130,415,No,No,0,263.7,113,186.5,103,195.3,99,18.3,6,1,True
547,130,408,No,No,0,252.0,101,170.2,105,209.2,64,5.7,5,0,False
548,155,408,Yes,No,0,163.1,94,291.7,108,96.4,111,11.2,3,0,False
549,81,415,No,No,0,324.7,48,236.4,82,187.6,78,13.1,5,0,True
550,75,408,No,No,0,203.3,70,228.9,97,222.2,118,14.3,3,1,False
551,178,415,No,Yes,35,175.4,88,190.0,65,138.7,94,10.5,3,2,False
552,112,415,No,No,0,266.0,97,214.6,94,306.2,100,14.2,2,2,True
553,100,510,No,No,0,78.7,98,225.6,102,150.4,106,14.0,8,0,False
554,104,415,No,No,0,225.9,123,162.8,106,272.1,85,10.1,4,1,False
555,160,408,No,No,0,216.8,77,207.3,117,228.6,117,5.6,2,1,False
556,87,415,No,No,0,58.0,125,67.5,116,185.9,136,11.5,3,0,False
557,81,415,No,No,0,173.2,80,236.2,94,240.2,84,11.8,6,2,False
558,28,415,No,No,0,236.8,102,167.1,87,280.2,115,9.7,3,3,False
559,95,408,No,No,0,237.3,83,154.0,65,237.0,105,11.2,6,1,False
560,35,408,No,No,0,158.6,67,130.4,96,229.8,80,6.9,5,2,False
561,134,510,No,No,0,296.0,93,226.4,117,246.8,98,12.3,10,0,True
562,185,415,No,Yes,19,157.3,123,257.7,94,190.4,107,9.6,6,0,False
563,85,408,No,No,0,144.4,88,264.6,105,185.4,94,9.9,3,1,False
564,148,415,No,Yes,36,77.6,141,207.0,60,255.7,115,10.9,2,1,False
565,134,408,No,Yes,32,80.3,94,199.9,124,170.8,117,16.6,3,0,False
566,80,408,No,Yes,36,190.3,115,256.6,78,214.9,145,3.8,4,1,False
567,165,510,No,No,0,209.4,67,273.8,89,150.2,88,12.8,1,0,False
568,65,415,No,Yes,34,208.8,119,142.1,106,214.6,87,12.5,4,4,False
569,104,415,No,No,0,113.6,87,158.6,98,187.7,87,10.5,6,2,False
570,44,415,No,No,0,202.6,89,163.0,96,268.1,151,8.3,3,0,False
571,162,415,No,No,0,135.2,98,242.0,107,246.9,96,10.2,2,2,False
572,96,415,No,No,0,276.9,105,246.9,94,254.4,107,10.3,3,1,True
573,72,510,No,No,0,287.4,116,235.3,126,292.1,114,5.0,3,4,True
574,31,415,No,No,0,97.5,129,260.4,78,88.7,100,7.0,5,1,False
575,72,415,No,No,0,166.5,102,261.0,103,262.7,85,13.3,5,0,False
576,136,408,No,No,0,102.1,75,219.5,97,73.7,92,9.8,5,0,False
577,82,415,No,Yes,19,146.5,73,246.4,65,199.0,114,4.1,4,1,False
578,155,408,Yes,No,0,250.8,146,152.5,105,148.1,104,10.0,5,2,False
579,136,415,No,No,0,163.4,83,249.3,119,249.7,90,9.8,4,7,False
580,57,415,No,No,0,161.0,113,208.0,134,208.1,81,8.4,4,3,False
581,112,415,No,No,0,81.6,94,268.1,112,140.8,75,8.6,18,1,False
582,95,408,No,No,0,128.6,115,216.2,88,255.3,96,6.3,2,6,True
583,113,415,No,Yes,30,183.8,102,183.4,123,235.0,52,11.6,7,0,False
584,103,415,No,No,0,180.2,134,97.7,85,181.7,134,8.4,3,1,False
585,149,415,No,Yes,20,147.8,132,276.8,94,149.9,110,10.2,6,0,False
586,116,408,No,No,0,110.9,54,213.4,82,186.2,116,7.9,2,2,False
587,95,510,No,No,0,58.2,96,202.1,126,210.5,97,10.4,5,0,False
588,201,510,No,No,0,212.7,72,225.2,90,195.1,99,7.0,6,1,False
589,150,415,No,No,0,214.0,117,192.4,89,242.6,99,7.9,4,1,False
590,108,408,Yes,No,0,115.1,114,211.3,70,136.1,85,13.8,3,2,True
591,101,415,Yes,No,0,156.4,116,130.4,114,207.3,109,7.3,5,1,False
592,182,415,No,Yes,24,128.1,104,143.4,127,191.0,98,11.6,3,1,False
593,128,408,No,No,0,227.9,130,302.6,71,191.5,82,5.5,7,1,True
594,113,408,No,Yes,34,44.9,63,134.2,82,168.4,118,13.3,3,1,False
595,76,415,No,No,0,171.1,78,257.2,83,91.6,92,16.2,3,1,False
596,204,510,No,No,0,205.2,145,154.8,95,191.4,77,14.1,5,3,False
597,32,415,No,Yes,31,232.8,97,183.5,111,206.8,111,13.0,2,0,False
598,103,415,No,Yes,37,153.5,78,241.9,108,244.7,110,10.6,3,1,False
599,148,510,No,No,0,203.0,92,150.9,125,245.5,131,14.6,9,1,False
600,57,415,No,No,0,85.9,92,193.9,127,231.5,93,10.1,2,0,False
601,64,415,Yes,No,0,146.7,83,148.3,91,238.6,69,12.5,3,3,False
602,70,415,No,No,0,152.8,145,183.6,102,151.8,75,10.5,2,1,False
603,142,408,No,No,0,216.8,134,187.8,106,138.1,108,8.3,2,0,False
604,88,415,No,No,0,172.8,81,193.4,90,89.6,107,12.8,5,2,False
605,131,510,No,No,0,263.4,123,151.9,74,218.5,101,10.7,2,2,False
606,130,408,No,No,0,271.8,129,237.2,128,210.1,91,8.7,2,4,True
607,166,510,No,No,0,199.6,93,214.3,99,196.8,110,7.2,5,3,False
608,130,510,No,No,0,203.9,63,191.8,93,132.5,125,12.1,4,3,False
609,111,510,No,No,0,78.3,119,198.2,94,248.5,94,12.1,4,1,False
610,100,415,No,Yes,32,125.2,123,230.9,101,192.0,106,12.6,9,3,False
611,57,415,No,No,0,221.1,101,236.7,65,252.3,137,9.5,1,0,False
612,139,408,No,No,0,139.0,110,132.9,93,272.0,120,12.1,1,0,False
613,113,415,No,No,0,159.8,143,210.1,93,175.1,86,13.1,7,2,False
614,108,415,No,No,0,239.3,102,223.4,127,251.4,104,10.6,6,0,False
615,100,415,No,No,0,113.3,96,197.9,89,284.5,93,11.7,2,4,True
616,120,510,No,No,0,192.6,123,206.4,105,283.2,93,10.8,3,1,False
617,107,408,No,Yes,36,96.3,83,179.6,91,166.3,121,10.3,2,1,False
618,104,408,No,No,0,280.4,127,179.4,79,150.6,77,15.2,6,5,False
619,62,415,No,No,0,245.3,91,122.9,130,228.4,102,8.5,4,4,False
620,34,415,No,Yes,14,151.5,100,248.7,126,199.8,120,10.7,5,2,False
621,183,415,No,No,0,190.0,100,246.6,78,304.2,107,9.5,4,1,False
622,123,408,No,No,0,114.8,94,150.0,104,268.6,119,9.6,4,2,False
623,64,408,No,No,0,113.8,97,192.3,97,214.9,89,10.4,1,3,False
624,27,415,No,No,0,227.4,67,248.0,115,61.4,109,7.8,6,1,False
625,123,408,No,No,0,224.0,99,210.7,80,231.9,75,2.1,5,0,False
626,84,408,No,Yes,41,153.9,102,140.7,117,217.7,101,12.8,5,1,False
627,91,415,No,No,0,190.5,128,205.5,103,130.7,63,13.8,5,0,False
628,95,510,No,No,0,157.3,116,197.5,77,128.2,111,8.4,4,2,False
629,73,415,No,No,0,240.3,130,162.5,83,231.9,136,11.9,3,0,False
630,58,408,No,Yes,39,211.9,40,274.4,76,210.5,139,5.4,4,1,False
631,88,415,No,No,0,113.7,67,165.1,127,141.5,142,10.8,3,1,False
632,67,415,No,Yes,41,174.7,86,160.6,93,155.3,108,13.4,1,0,False
633,152,510,No,No,0,161.4,84,163.6,88,153.2,121,11.8,5,1,False
634,142,510,No,Yes,40,230.7,101,256.8,88,263.9,92,6.4,3,1,False
635,105,408,No,No,0,232.6,96,253.4,117,154.0,101,10.5,9,1,False
636,93,408,No,Yes,22,306.2,123,189.7,83,240.3,107,11.7,2,0,False
637,79,415,No,No,0,236.8,135,186.4,87,126.9,112,10.4,5,2,False
638,88,408,No,No,0,153.5,94,251.7,118,182.2,99,8.5,6,1,False
639,110,408,No,No,0,159.5,145,202.3,101,256.0,96,16.7,2,2,False
640,209,415,No,No,0,153.7,105,188.6,87,200.8,95,10.7,2,0,False
641,27,510,No,No,0,232.1,81,210.8,101,165.4,87,15.0,6,5,False
642,117,415,No,No,0,201.9,86,212.3,96,176.9,98,7.8,10,1,False
643,87,408,No,No,0,186.9,79,182.6,105,143.1,90,4.2,14,1,False
644,129,510,No,Yes,27,196.6,89,180.6,95,245.0,83,6.6,5,1,False
645,142,510,No,No,0,232.1,102,168.2,110,197.3,120,9.9,3,1,False
646,112,415,No,No,0,166.0,79,74.6,100,247.9,74,6.3,7,0,False
647,97,408,No,Yes,25,141.0,101,212.0,85,175.2,138,4.9,2,3,False
648,101,415,No,No,0,231.3,87,224.7,88,214.6,69,7.2,7,1,False
649,127,415,No,Yes,24,154.8,69,177.2,105,207.6,102,9.0,4,1,False
650,148,408,No,No,0,243.0,115,191.8,91,117.8,93,13.4,5,2,False
651,138,510,No,Yes,33,155.2,139,268.3,79,186.4,71,9.7,4,3,False
652,84,415,No,No,0,289.1,100,233.8,97,223.5,148,12.7,2,2,True
653,133,510,No,No,0,295.0,141,223.6,101,229.4,109,12.9,4,2,True
654,120,510,No,Yes,27,128.5,115,163.7,91,242.9,121,0.0,0,1,False
655,87,415,No,No,0,238.0,97,164.5,97,282.5,132,10.6,6,2,False
656,99,510,No,No,0,238.4,96,246.5,130,198.4,117,12.4,4,3,False
657,48,415,No,Yes,27,141.1,109,224.7,94,174.3,122,13.2,2,1,False
658,57,415,No,No,0,158.1,117,115.2,149,182.4,92,11.8,7,0,False
659,127,510,No,No,0,107.9,128,187.0,77,218.5,95,0.0,0,0,False
660,114,408,No,No,0,203.8,85,87.8,110,166.2,122,11.7,4,1,False
661,84,415,No,No,0,280.0,113,202.2,90,156.8,103,10.4,4,0,True
662,114,415,No,Yes,26,137.1,88,155.7,125,247.6,94,11.5,7,2,False
663,106,408,No,Yes,29,83.6,131,203.9,131,229.5,73,8.1,3,1,False
664,60,415,No,No,0,193.9,118,85.0,110,210.1,134,13.2,8,3,False
665,159,415,No,No,0,169.8,114,197.7,105,193.7,82,11.6,4,1,False
666,184,510,Yes,No,0,213.8,105,159.6,84,139.2,137,5.0,10,2,False
